stock,date,open_price,close_price,high_price,low_price,volume,price_change_percent
TCS,2025-09-04 22:18:50.057694,1463.5805625997532,1441.884769898541,1492.8521738517484,1413.04707450057,1865553,-1.4823777560064026
TCS,2025-09-03 22:18:50.057709,1441.884769898541,1409.294076372874,1470.722465296512,1381.1081948454166,1907236,-2.2602841923325214
TCS,2025-09-02 22:18:50.057714,1409.294076372874,1403.3392467654794,1437.4799579003316,1375.2724618301697,1808763,-0.42253988768055295
TCS,2025-09-01 22:18:50.057717,1403.3392467654794,1391.1869927198957,1431.406031700789,1363.3632528654978,1832522,-0.8659526962987184
TCS,2025-08-31 22:18:50.057718,1391.1869927198957,1457.3089317797908,1486.4551104153866,1363.3632528654978,2040800,4.752915273497553
TCS,2025-08-30 22:18:50.057720,1457.3089317797908,1501.4093825316802,1531.4375701823137,1428.162753144195,1948274,3.0261566226750705
TCS,2025-08-29 22:18:50.057721,1501.4093825316802,1499.3384533067099,1531.4375701823137,1469.3516842405757,1793512,-0.13793234870280377
TCS,2025-08-28 22:18:50.057723,1499.3384533067099,1570.5663978331281,1601.9777257897906,1469.3516842405757,2040677,4.750624808516651
TCS,2025-08-27 22:18:50.057724,1570.5663978331281,1546.7476633461495,1601.9777257897906,1515.8127100792265,1867385,-1.516569724135238
TCS,2025-08-26 22:18:50.057726,1546.7476633461495,1607.6523023956388,1639.8053484435516,1515.8127100792265,1997112,3.9375937324987773
TCS,2025-08-25 22:18:50.057727,1607.6523023956388,1562.7905706802987,1639.8053484435516,1531.5347592666928,1935647,-2.790512080783232
TCS,2025-08-24 22:18:50.057729,1562.7905706802987,1485.9994822774772,1594.0463820939046,1456.2794926319277,2049416,-4.913715877450786
TCS,2025-08-23 22:18:50.057730,1485.9994822774772,1426.823039494091,1515.7194719230267,1398.2865787042092,1999506,-3.9822653701528132
TCS,2025-08-22 22:18:50.057732,1426.823039494091,1404.2066072001257,1455.359500283973,1376.1224750561232,1871056,-1.5850902086627685
TCS,2025-08-21 22:18:50.057733,1404.2066072001257,1381.0665477203613,1432.2907393441283,1353.445216765954,1874423,-1.647909884564904
TCS,2025-08-20 22:18:50.057734,1381.0665477203613,1406.4398171565683,1434.5686134996997,1353.445216765954,1884567,1.83722279553358
TCS,2025-08-19 22:18:50.057735,1406.4398171565683,1403.326416271163,1434.5686134996997,1375.2598879457398,1797983,-0.22136751586710468
TCS,2025-08-18 22:18:50.057736,1403.326416271163,1399.8895714484827,1431.3929445965862,1371.891780019513,1799245,-0.24490701399410564
TCS,2025-08-17 22:18:50.057737,1399.8895714484827,1359.7472390655007,1427.8873628774525,1332.5522942841906,1939775,-2.8675356400752494
TCS,2025-08-16 22:18:50.057739,1359.7472390655007,1317.9282398196476,1386.9421838468108,1291.5696750232546,1950918,-3.0754980075998266
TCS,2025-08-15 22:18:50.057740,1317.9282398196476,1253.253834560171,1344.2868046160406,1228.1887578689677,2049071,-4.907278204185602
TCS,2025-08-14 22:18:50.057741,1253.253834560171,1258.7166128336105,1283.8909450902827,1228.1887578689677,1809478,0.43588761692131894
TCS,2025-08-13 22:18:50.057742,1258.7166128336105,1204.7755911060863,1283.8909450902827,1180.6800792839645,2015749,-4.285398411171579
TCS,2025-08-12 22:18:50.057743,1204.7755911060863,1199.133930033397,1228.871102928208,1175.1512514327292,1811213,-0.46827484838978806
TCS,2025-08-11 22:18:50.057744,1199.133930033397,1158.0126095498326,1223.116608634065,1134.852357358836,1969873,-3.429251683539562
TCS,2025-08-10 22:18:50.057745,1158.0126095498326,1214.179846757961,1238.4634436931203,1134.852357358836,2046019,4.850313092010546
TCS,2025-08-09 22:18:50.057746,1214.179846757961,1167.669005841696,1238.4634436931203,1144.315625724862,1991381,-3.830638520352314
TCS,2025-08-08 22:18:50.057748,1167.669005841696,1160.3920812612405,1191.0223859585299,1137.1842396360157,1819515,-0.6232009708273513
TCS,2025-08-07 22:18:50.057749,1160.3920812612405,1113.5051286429975,1183.5999228864653,1091.2350260701376,2002632,-4.0406129424186625
TCS,2025-08-06 22:18:50.057750,1113.5051286429975,1164.9999378154819,1188.2999365717915,1091.2350260701376,2033923,4.624568656925714
TCS,2025-08-05 22:18:50.057751,1164.9999378154819,1199.833447399718,1223.8301163477122,1141.6999390591723,1946337,2.9900009822792923
TCS,2025-08-04 22:18:50.057752,1199.833447399718,1200.4832794089127,1224.492944997091,1175.8367784517236,1789024,0.05416018453254928
TCS,2025-08-03 22:18:50.057753,1200.4832794089127,1220.0236019313165,1244.4240739699428,1176.4736138207345,1873340,1.6277046800705768
TCS,2025-08-02 22:18:50.057755,1220.0236019313165,1260.034483623584,1285.2351732960558,1195.6231298926903,1961850,3.2795170215502116
TCS,2025-08-01 22:18:50.057756,1260.034483623584,1259.2862467716272,1285.2351732960558,1234.1005218361947,1789303,-0.05938225196861352
TCS,2025-07-31 22:18:50.057757,1259.2862467716272,1273.406185960644,1298.8743096798569,1234.1005218361947,1846203,1.1212652584124863
TCS,2025-07-30 22:18:50.057758,1273.406185960644,1272.5585050820953,1298.8743096798569,1247.1073349804533,1789688,-0.06656798811678702
TCS,2025-07-29 22:18:50.057759,1272.5585050820953,1321.19774794942,1347.6217029084085,1247.1073349804533,1990927,3.822161627389163
TCS,2025-07-28 22:18:50.057760,1321.19774794942,1361.2099000251726,1388.4340980256761,1294.7737929904317,1948398,3.028475649300333
TCS,2025-07-27 22:18:50.057761,1361.2099000251726,1325.4231028233203,1388.4340980256761,1298.9146407668538,1926995,-2.629043265200357
TCS,2025-07-26 22:18:50.057763,1325.4231028233203,1344.494071989088,1371.3839534288697,1298.9146407668538,1863221,1.4388589670079068
TCS,2025-07-25 22:18:50.057764,1344.494071989088,1365.5368823824529,1392.847620030102,1317.6041905493064,1869986,1.5651099422278145
TCS,2025-07-24 22:18:50.057765,1365.5368823824529,1381.8483333652518,1409.485300032557,1338.2261447348037,1850128,1.194508269475697
TCS,2025-07-23 22:18:50.057766,1381.8483333652518,1381.3942642462152,1409.485300032557,1353.766378961291,1787882,-0.03285954819156611
TCS,2025-07-22 22:18:50.057767,1381.3942642462152,1405.320224634184,1433.4266291268675,1353.766378961291,1878929,1.7320153273565482
TCS,2025-07-21 22:18:50.057768,1405.320224634184,1442.5078125220662,1471.3579687725075,1377.2138201415003,1927915,2.6462002920055125
TCS,2025-07-20 22:18:50.057770,1442.5078125220662,1402.1156089935396,1471.3579687725075,1374.0732968136688,1936163,-2.8001375921774168
TCS,2025-07-19 22:18:50.057771,1402.1156089935396,1359.719580934662,1430.1579211734104,1332.5251893159686,1948143,-3.023718428561686
TCS,2025-07-18 22:18:50.057772,1359.719580934662,1321.5592929358318,1386.9139725533553,1295.1281070771151,1936503,-2.806482199263396
TCS,2025-07-17 22:18:50.057773,1321.5592929358318,1299.8282591104278,1347.9904787945484,1273.8316939282192,1874232,-1.6443480017554537
TCS,2025-07-16 22:18:50.057774,1299.8282591104278,1308.9495986006375,1335.1285905726502,1273.8316939282192,1823723,0.7017342042134133
TCS,2025-07-15 22:18:50.057775,1308.9495986006375,1301.8665882817997,1335.1285905726502,1275.8292565161637,1815117,-0.5411216999042721
TCS,2025-07-14 22:18:50.057776,1301.8665882817997,1332.934934401298,1359.593633089324,1275.8292565161637,1913996,2.38644623029326
TCS,2025-07-13 22:18:50.057777,1332.934934401298,1358.5737446290836,1385.7452195216654,1306.2762357132722,1889189,1.9234855030115614
TCS,2025-07-12 22:18:50.057778,1358.5737446290836,1373.7282705938335,1401.2028360057102,1331.402269736502,1845893,1.1154731956701482
TCS,2025-07-11 22:18:50.057779,1373.7282705938335,1365.8187749152,1401.2028360057102,1338.502399416896,1816973,-0.5757685743203234
TCS,2025-07-10 22:18:50.057780,1365.8187749152,1342.86442131108,1393.135150413504,1316.0071328848583,1876176,-1.6806295260910764
TCS,2025-07-09 22:18:50.057782,1342.86442131108,1367.652067089867,1395.0051084316642,1316.0071328848583,1885030,1.8458785105488331
TCS,2025-07-08 22:18:50.057783,1367.652067089867,1365.3993733514499,1395.0051084316642,1338.0913858844208,1794947,-0.16471248738068947
TCS,2025-07-07 22:18:50.057784,1365.3993733514499,1384.6561386337478,1412.3492614064228,1338.0913858844208,1861693,1.4103393965262376
TCS,2025-07-06 22:18:50.057785,1384.6561386337478,1319.4385332512036,1412.3492614064228,1293.0497625861794,2038502,-4.710021756513125
TCS,2025-07-05 22:18:50.057786,1319.4385332512036,1260.4797420565562,1345.8273039162277,1235.2701472154251,2025559,-4.4684757727491915
TCS,2025-07-04 22:18:50.057787,1260.4797420565562,1215.5681175619193,1285.6893368976873,1191.256755210681,1977043,-3.5630580164153045
TCS,2025-07-03 22:18:50.057788,1215.5681175619193,1259.0935974080971,1284.275469356259,1191.256755210681,1977987,3.5806697475315037
TCS,2025-07-02 22:18:50.057789,1259.0935974080971,1216.4741002399642,1284.275469356259,1192.144618235165,1967499,-3.384934786092729
TCS,2025-07-01 22:18:50.057792,1216.4741002399642,1229.9524809974457,1254.5515306173947,1192.144618235165,1845492,1.1079874824151812
TCS,2025-06-30 22:18:50.057793,1229.9524809974457,1188.1548885256095,1254.5515306173947,1164.3917907550974,1968215,-3.398309537774985
TCS,2025-06-29 22:18:50.057794,1188.1548885256095,1218.1296596763368,1242.4922528698635,1164.3917907550974,1921302,2.5227999682704048
TCS,2025-06-28 22:18:50.057795,1218.1296596763368,1197.541238943176,1242.4922528698635,1173.5904141643125,1876687,-1.6901666066181633
TCS,2025-06-27 22:18:50.057796,1197.541238943176,1245.7257606030955,1270.6402758151576,1173.5904141643125,2001722,4.023621073996769
TCS,2025-06-26 22:18:50.057797,1245.7257606030955,1294.755650121538,1320.650763123969,1220.8112453910335,1997019,3.9358493714303293
TCS,2025-06-25 22:18:50.057799,1294.755650121538,1230.0611429180715,1320.650763123969,1205.45992005971,2053861,-4.9966576471316335
TCS,2025-06-24 22:18:50.057800,1230.0611429180715,1200.8890622579913,1254.662365776433,1176.8712810128316,1913200,-2.3715959835033362
TCS,2025-06-23 22:18:50.057801,1200.8890622579913,1199.4529586238198,1224.906843503151,1175.4638994513434,1792529,-0.1195867028275864
TCS,2025-06-22 22:18:50.057802,1199.4529586238198,1255.3800888250457,1280.4876906015468,1175.4638994513434,2035967,4.662719767300715
TCS,2025-06-21 22:18:50.057803,1255.3800888250457,1304.689753258307,1330.7835483234733,1230.2724870485447,1996591,3.9278673345386386
TCS,2025-06-20 22:18:50.057804,1304.689753258307,1278.0340601578996,1330.7835483234733,1252.4733789547415,1895597,-2.043067559459101
TCS,2025-06-19 22:18:50.057807,1278.0340601578996,1298.7276457272671,1324.7021986418124,1252.4733789547415,1872883,1.6191732454149759
TCS,2025-06-18 22:18:50.057808,1298.7276457272671,1248.2651200868556,1324.7021986418124,1223.2998176851186,1994323,-3.885535647634069
TCS,2025-06-17 22:18:50.057809,1248.2651200868556,1213.3520436032754,1273.2304224885927,1189.08500273121,1935991,-2.7969279860316045
TCS,2025-06-16 22:18:50.057810,1213.3520436032754,1181.2630445957964,1237.619084475341,1157.6377837038804,1927832,-2.6446569383263943
TCS,2025-06-15 22:18:50.057812,1181.2630445957964,1169.8813859572954,1204.8883054877124,1146.4837582381494,1837750,-0.9635160170777688
TCS,2025-06-14 22:18:50.057813,1169.8813859572954,1207.1905399716632,1231.3343507710965,1146.4837582381494,1957007,3.189139895908197
TCS,2025-06-13 22:18:50.057814,1207.1905399716632,1203.4351116813314,1231.3343507710965,1179.3664094477047,1802791,-0.31108828026599755
TCS,2025-06-12 22:18:50.057815,1203.4351116813314,1249.5711915880495,1274.5626154198105,1179.3664094477047,1991545,3.833699005363142
TCS,2025-06-11 22:18:50.057817,1249.5711915880495,1193.3908061182,1274.5626154198105,1169.522989995836,2027032,-4.495973166478892
TCS,2025-06-10 22:18:50.057818,1193.3908061182,1246.0002435753956,1270.9202484469035,1169.522989995836,2022340,4.408399762046164
TCS,2025-06-09 22:18:50.057819,1246.0002435753956,1291.9559786005777,1317.7950981725894,1221.0802387038877,1983752,3.688260516973256
TCS,2025-06-08 22:18:50.057820,1291.9559786005777,1254.5851437044512,1317.7950981725894,1229.493440830362,1941116,-2.8925780378837675
TCS,2025-06-07 22:18:50.057821,1254.5851437044512,1316.2777246811825,1342.6032791748062,1229.493440830362,2049612,4.917369003316105
INFY,2025-09-04 22:18:50.057824,1702.837834912891,1724.8897600408582,1759.3875552416753,1668.781078214633,1950905,1.2950102867015243
INFY,2025-09-03 22:18:50.057825,1724.8897600408582,1694.364486542472,1759.3875552416753,1660.4771968116224,1977648,-1.769694168609546
INFY,2025-09-02 22:18:50.057827,1694.364486542472,1774.973350891066,1810.4728179088875,1660.4771968116224,2145974,4.757468950089053
INFY,2025-09-01 22:18:50.057828,1774.973350891066,1735.7731464364097,1810.4728179088875,1701.0576835076815,2002369,-2.2084953802251297
INFY,2025-08-31 22:18:50.057829,1735.7731464364097,1763.5828878936002,1798.854545651472,1701.0576835076815,1968209,1.602152995296914
INFY,2025-08-30 22:18:50.057831,1763.5828878936002,1789.022068429148,1824.802509797731,1728.3112301357282,1959213,1.442471499932295
INFY,2025-08-29 22:18:50.057832,1789.022068429148,1825.0476395177152,1861.5485923080696,1753.241627060565,1991395,2.0137018835211737
INFY,2025-08-28 22:18:50.057833,1825.0476395177152,1864.6175497161319,1901.9099007104546,1788.5466867273608,2000097,2.168157660195286
INFY,2025-08-27 22:18:50.057834,1864.6175497161319,1897.9098085049643,1935.8680046750637,1827.325198721809,1978537,1.7854738519382198
INFY,2025-08-26 22:18:50.057835,1897.9098085049643,1901.7108757228634,1939.7450932373208,1859.9516123348649,1889229,0.20027649369141892
INFY,2025-08-25 22:18:50.057836,1901.7108757228634,1820.129535649064,1939.7450932373208,1783.7269449360829,2119632,-4.28989186081134
INFY,2025-08-24 22:18:50.057837,1820.129535649064,1883.712569180373,1921.3868205639806,1783.7269449360829,2074754,3.4933246390419765
INFY,2025-08-23 22:18:50.057838,1883.712569180373,1962.6271627755525,2001.8797060310635,1846.0383177967656,2113965,4.189311834847295
INFY,2025-08-22 22:18:50.057839,1962.6271627755525,1972.2646147949001,2011.7099070907982,1923.3746195200415,1905611,0.49104853953606875
INFY,2025-08-21 22:18:50.057841,1972.2646147949001,2037.697769382949,2078.451724770608,1932.819322499002,2064858,3.31766610307781
INFY,2025-08-20 22:18:50.057842,2037.697769382949,1938.1682602930973,2078.451724770608,1899.4048950872354,2153126,-4.88440977780483
INFY,2025-08-19 22:18:50.057843,1938.1682602930973,1899.136283900619,1976.9316254989592,1861.1535582226065,1991404,-2.0138590230848035
INFY,2025-08-18 22:18:50.057844,1899.136283900619,1814.4464098103713,1937.1190095786314,1778.1574816141638,2129181,-4.45938897635634
INFY,2025-08-17 22:18:50.057845,1814.4464098103713,1778.93762013382,1850.7353380065788,1743.3588677311436,1988201,-1.9570040473260577
INFY,2025-08-16 22:18:50.057847,1778.93762013382,1756.2710996679718,1814.5163725364964,1721.1456776746124,1949730,-1.2741604994638958
INFY,2025-08-15 22:18:50.057848,1756.2710996679718,1741.4867263945428,1791.3965216613312,1706.6569918666519,1925372,-0.841804734828474
INFY,2025-08-14 22:18:50.057849,1741.4867263945428,1737.2911582133029,1776.3164609224336,1702.5453350490368,1891519,-0.2409187573841634
INFY,2025-08-13 22:18:50.057850,1737.2911582133029,1722.766002947008,1772.036981377569,1688.3106828880677,1925050,-0.8360806533565148
INFY,2025-08-12 22:18:50.057851,1722.766002947008,1724.9381555404939,1759.4369186513038,1688.3106828880677,1885049,0.12608517870506541
INFY,2025-08-11 22:18:50.057852,1724.9381555404939,1732.3751874521186,1767.022691201161,1690.439392429684,1902236,0.43114774218061325
INFY,2025-08-10 22:18:50.057854,1732.3751874521186,1705.195646911908,1767.022691201161,1671.0917339736698,1966336,-1.5689176765562494
INFY,2025-08-09 22:18:50.057855,1705.195646911908,1731.8084235316205,1766.4445920022529,1671.0917339736698,1965873,1.5606875766958448
INFY,2025-08-08 22:18:50.057856,1731.8084235316205,1776.1008166078377,1811.6228329399944,1697.1722550609882,2022036,2.5575804156150865
INFY,2025-08-07 22:18:50.057857,1776.1008166078377,1701.2005514112464,1811.6228329399944,1667.1765403830213,2115532,-4.217117885213455
INFY,2025-08-06 22:18:50.057858,1701.2005514112464,1721.586911111233,1756.0186493334577,1667.1765403830213,1945459,1.198351345646744
INFY,2025-08-05 22:18:50.057859,1721.586911111233,1691.2661138490244,1756.0186493334577,1657.4407915720437,1977170,-1.7612121157820313
INFY,2025-08-04 22:18:50.057860,1691.2661138490244,1709.5748075483302,1743.766303699297,1657.4407915720437,1938935,1.0825436369465467
INFY,2025-08-03 22:18:50.057861,1709.5748075483302,1670.9859178114536,1743.766303699297,1637.5661994552245,2005114,-2.2572214779074917
INFY,2025-08-02 22:18:50.057863,1670.9859178114536,1603.3275115856256,1704.4056361676828,1571.260961353913,2106061,-4.049011155907429
INFY,2025-08-01 22:18:50.057864,1603.3275115856256,1620.2657110114312,1652.6710252316598,1571.260961353913,1937464,1.0564403905883355
INFY,2025-07-31 22:18:50.057865,1620.2657110114312,1625.9131017713805,1658.4313638068081,1587.8603967912027,1897583,0.3485471994852086
INFY,2025-07-30 22:18:50.057866,1625.9131017713805,1637.6855605790429,1670.4392717906237,1593.394839735953,1918738,0.7240521522851608
INFY,2025-07-29 22:18:50.057867,1637.6855605790429,1719.3695748697014,1753.7569663670954,1604.931849367462,2158949,4.987771539108975
INFY,2025-07-28 22:18:50.057869,1719.3695748697014,1687.378404423387,1753.7569663670954,1653.6308363349194,1982771,-1.860633741221035
INFY,2025-07-27 22:18:50.057870,1687.378404423387,1637.9904655202913,1721.1259725118548,1605.2306562098854,2042843,-2.926903578570607
INFY,2025-07-26 22:18:50.057872,1637.9904655202913,1630.4756154052095,1670.7502748306972,1597.8661030971052,1903793,-0.4587847288045587
INFY,2025-07-25 22:18:50.057873,1630.4756154052095,1590.4255769452475,1663.0851277133138,1558.6170654063426,2016332,-2.4563408419946655
INFY,2025-07-24 22:18:50.057874,1590.4255769452475,1547.7086626270402,1622.2340884841524,1516.7544893744994,2029264,-2.6858794864362148
INFY,2025-07-23 22:18:50.057875,1547.7086626270402,1527.577246269978,1578.662835879581,1497.0257013445785,1951227,-1.300723892240268
INFY,2025-07-22 22:18:50.057876,1527.577246269978,1512.2294820366521,1558.1287911953777,1481.9848923959191,1934550,-1.0047128072116704
INFY,2025-07-21 22:18:50.057877,1512.2294820366521,1536.9545494429897,1567.6936404318494,1481.9848923959191,1970060,1.6350076294662759
INFY,2025-07-20 22:18:50.057878,1536.9545494429897,1481.099060185552,1567.6936404318494,1451.4770789818408,2082689,-3.6341666237092354
INFY,2025-07-19 22:18:50.057879,1481.099060185552,1528.3032755677184,1558.8693410790727,1451.4770789818408,2057503,3.1871072402309633
INFY,2025-07-18 22:18:50.057880,1528.3032755677184,1474.3214085326656,1558.8693410790727,1444.8349803620122,2076941,-3.5321436457041013
INFY,2025-07-17 22:18:50.057882,1474.3214085326656,1461.5282415189386,1503.807836703319,1432.2976766885597,1926833,-0.8677325676535854
INFY,2025-07-16 22:18:50.057883,1461.5282415189386,1522.7282705796044,1553.1828359911965,1432.2976766885597,2113857,4.187399690413224
INFY,2025-07-15 22:18:50.057884,1522.7282705796044,1584.5612342596164,1616.2524589448087,1492.2737051680124,2106718,4.0606695806912345
INFY,2025-07-14 22:18:50.057885,1584.5612342596164,1531.0820521411742,1616.2524589448087,1500.4604110983507,2068089,-3.375015175316351
INFY,2025-07-13 22:18:50.057886,1531.0820521411742,1518.7254877546052,1561.7036931839978,1488.3509779995131,1923414,-0.8070478240724321
INFY,2025-07-12 22:18:50.057887,1518.7254877546052,1459.8237894558526,1549.0999975096972,1430.6273136667355,2096447,-3.878363718372634
INFY,2025-07-11 22:18:50.057888,1459.8237894558526,1445.592423186679,1489.0202652449698,1416.6805747229455,1932869,-0.9748687733386261
INFY,2025-07-10 22:18:50.057889,1445.592423186679,1451.5305879422813,1480.561199701127,1416.6805747229455,1901089,0.41077724677832245
INFY,2025-07-09 22:18:50.057890,1451.5305879422813,1454.022829041189,1483.1032856220127,1422.4999761834356,1887619,0.17169745643739326
INFY,2025-07-08 22:18:50.057891,1454.022829041189,1437.1584349591487,1483.1032856220127,1408.4152662599658,1943290,-1.159843830867561
INFY,2025-07-07 22:18:50.057893,1437.1584349591487,1471.4466281885716,1500.875560752343,1408.4152662599658,2012360,2.3858325147287904
INFY,2025-07-06 22:18:50.057894,1471.4466281885716,1458.245995400647,1500.875560752343,1429.081075492634,1928488,-0.8971193745691809
INFY,2025-07-05 22:18:50.057895,1458.245995400647,1390.8957175009687,1487.41091530866,1363.0778031509492,2138150,-4.618581371874378
INFY,2025-07-04 22:18:50.057896,1390.8957175009687,1325.2700693337845,1418.7136318509881,1298.7646679471088,2143764,-4.718229220310948
INFY,2025-07-03 22:18:50.057897,1325.2700693337845,1294.6895056058245,1351.7754707204601,1268.795715493708,2007947,-2.3074967461789075
INFY,2025-07-02 22:18:50.057898,1294.6895056058245,1268.493589774019,1320.583295717941,1243.1237179785387,1991938,-2.0233357664815124
INFY,2025-07-01 22:18:50.057899,1268.493589774019,1210.0228773436559,1293.8634615694993,1185.8224197967827,2137636,-4.609460615467503
INFY,2025-06-30 22:18:50.057900,1210.0228773436559,1244.5575006097317,1269.4486506219264,1185.8224197967827,2038738,2.85404713519873
INFY,2025-06-29 22:18:50.057901,1244.5575006097317,1224.6223991428,1269.4486506219264,1200.129951159944,1968188,-1.6017822766055512
INFY,2025-06-28 22:18:50.057902,1224.6223991428,1268.6452867141968,1294.0181924484807,1200.129951159944,2080472,3.594813193210543
INFY,2025-06-27 22:18:50.057903,1268.6452867141968,1317.08249092374,1343.4241407422148,1243.272380979913,2093048,3.818025788358527
INFY,2025-06-26 22:18:50.057904,1317.08249092374,1349.780137705119,1376.7757404592214,1290.740841105265,2017811,2.4825815396305515
INFY,2025-06-25 22:18:50.057906,1349.780137705119,1354.1067112937778,1381.1888455196533,1322.7845349510164,1896005,0.3205391358043694
INFY,2025-06-24 22:18:50.057907,1354.1067112937778,1291.7983976846629,1381.1888455196533,1265.9624297309697,2137183,-4.601433039910333
INFY,2025-06-23 22:18:50.057908,1291.7983976846629,1299.9947901546666,1325.9946859577599,1265.9624297309697,1913692,0.6344947078967114
INFY,2025-06-22 22:18:50.057909,1299.9947901546666,1251.1325099815122,1325.9946859577599,1226.1098597818818,2089702,-3.758651999470023
INFY,2025-06-21 22:18:50.057910,1251.1325099815122,1220.4691434986653,1276.1551601811425,1196.059760628692,2016023,-2.450848830017204
INFY,2025-06-20 22:18:50.057911,1220.4691434986653,1257.869981883429,1283.0273815210976,1196.059760628692,2050593,3.064464069738662
INFY,2025-06-19 22:18:50.057912,1257.869981883429,1286.8556343745179,1312.5927470620084,1232.7125822457606,2007769,2.3043440823421273
INFY,2025-06-18 22:18:50.057913,1286.8556343745179,1297.601034285311,1323.5530549710172,1261.1185216870274,1924989,0.8350120731309543
INFY,2025-06-17 22:18:50.057914,1297.601034285311,1242.9391897735743,1323.5530549710172,1218.0804059781028,2115273,-4.212530898747556
INFY,2025-06-16 22:18:50.057916,1242.9391897735743,1288.0258223260244,1313.786338772545,1218.0804059781028,2082309,3.6274206271236453
INFY,2025-06-15 22:18:50.057917,1288.0258223260244,1263.9953032049086,1313.786338772545,1238.7153971408104,1983056,-1.8656861302453913
INFY,2025-06-14 22:18:50.057918,1263.9953032049086,1275.1101695484858,1300.6123729394556,1238.7153971408104,1927487,0.8793439592216089
INFY,2025-06-13 22:18:50.057920,1275.1101695484858,1241.6491231775462,1300.6123729394556,1216.8161407139953,2025788,-2.624169045941188
INFY,2025-06-12 22:18:50.057922,1241.6491231775462,1247.2829242552414,1272.2285827403462,1216.8161407139953,1903509,0.4537353566744694
INFY,2025-06-11 22:18:50.057923,1247.2829242552414,1237.0753894368438,1272.2285827403462,1212.3338816481069,1924052,-0.8183816694590327
INFY,2025-06-10 22:18:50.057924,1237.0753894368438,1187.5696153180143,1261.8168972255808,1163.818223011654,2103403,-4.001839705287994
INFY,2025-06-09 22:18:50.057925,1187.5696153180143,1203.8728347309095,1227.9502914255277,1163.818223011654,1955289,1.3728222078610046
INFY,2025-06-08 22:18:50.057926,1203.8728347309095,1224.1679657820282,1248.6513250976689,1179.7953780362914,1972922,1.6858201685110028
INFY,2025-06-07 22:18:50.057927,1224.1679657820282,1183.097222077239,1248.6513250976689,1159.435277635694,2066961,-3.3549925216800127
HDFCBANK,2025-09-04 22:18:50.057929,589.3145141898661,561.0956400954002,601.1008044736635,549.8737272934922,3092095,-4.788423399559161
HDFCBANK,2025-09-03 22:18:50.057930,561.0956400954002,539.9473258174481,572.3175528973082,529.1483793010991,3009418,-3.7691104272983327
HDFCBANK,2025-09-02 22:18:50.057932,539.9473258174481,554.6863495798086,565.7800765714048,529.1483793010991,2925111,2.7297151143487004
HDFCBANK,2025-09-01 22:18:50.057933,554.6863495798086,552.9681481777365,565.7800765714048,541.9087852141818,2728826,-0.30976089521110167
HDFCBANK,2025-08-31 22:18:50.057934,552.9681481777365,562.2145314950533,573.4588221249544,541.9087852141818,2839330,1.6721366949954561
HDFCBANK,2025-08-30 22:18:50.057935,562.2145314950533,589.4419577184173,601.2307968727856,550.9702408651522,3096513,4.842889092702777
HDFCBANK,2025-08-29 22:18:50.057936,589.4419577184173,573.644646896123,601.2307968727856,562.1717539582006,2921082,-2.6800451877300415
HDFCBANK,2025-08-28 22:18:50.057938,573.644646896123,586.7455423181862,598.4804531645499,562.1717539582006,2888943,2.283799821535773
HDFCBANK,2025-08-27 22:18:50.057939,586.7455423181862,560.8274692233489,598.4804531645499,549.6109198388818,3061990,-4.417259480564095
HDFCBANK,2025-08-26 22:18:50.057940,560.8274692233489,573.6067389375369,585.0788737162876,549.6109198388818,2888524,2.2786454686117814
HDFCBANK,2025-08-25 22:18:50.057941,573.6067389375369,563.2078076539983,585.0788737162876,551.9436515009183,2850748,-1.8129025650570139
HDFCBANK,2025-08-24 22:18:50.057942,563.2078076539983,564.0933144752029,575.3751807647069,551.9436515009183,2716454,0.15722559402951627
HDFCBANK,2025-08-23 22:18:50.057943,564.0933144752029,537.2614902261848,575.3751807647069,526.5162604216612,3089516,-4.756628657083202
HDFCBANK,2025-08-22 22:18:50.057944,537.2614902261848,527.121630405138,548.0067200307085,516.5791977970352,2856784,-1.8873230271497732
HDFCBANK,2025-08-21 22:18:50.057945,527.121630405138,519.2564151099835,537.6640630132408,508.87128680778386,2824727,-1.4921063453816843
HDFCBANK,2025-08-20 22:18:50.057946,519.2564151099835,509.79749344702094,529.6415434121832,499.6015435780805,2851455,-1.8216282722206025
HDFCBANK,2025-08-19 22:18:50.057948,509.79749344702094,485.0355098240945,519.9934433159614,475.3347996276126,3097675,-4.8572195707548715
HDFCBANK,2025-08-18 22:18:50.057949,485.0355098240945,489.80015592297786,499.59615904143743,475.3347996276126,2783379,0.9823293351472986
HDFCBANK,2025-08-17 22:18:50.057950,489.80015592297786,499.4997714995122,509.4897669295024,480.0041528045183,2864327,1.9803210471128472
HDFCBANK,2025-08-16 22:18:50.057951,499.4997714995122,483.8797930128723,509.4897669295024,474.2021971526149,2957345,-3.1271242506774857
HDFCBANK,2025-08-15 22:18:50.057952,483.8797930128723,471.28986034779564,493.55738887312975,461.86406314083973,2914742,-2.601871962184158
HDFCBANK,2025-08-14 22:18:50.057955,471.28986034779564,485.3733989286104,495.0808669071826,461.86406314083973,2946085,2.9882965380204936
HDFCBANK,2025-08-13 22:18:50.057956,485.3733989286104,477.24796792619117,495.0808669071826,467.7030085676673,2839486,-1.674057750250612
HDFCBANK,2025-08-12 22:18:50.057958,477.24796792619117,456.4381282411953,486.792927284715,447.3093656763714,3057376,-4.360383088779177
HDFCBANK,2025-08-11 22:18:50.057959,456.4381282411953,445.5607795141167,465.56689080601916,436.64956392383436,2896996,-2.3830937982750346
HDFCBANK,2025-08-10 22:18:50.057960,445.5607795141167,460.638706961713,469.8514811009473,436.64956392383436,2978184,3.3840338155523524
HDFCBANK,2025-08-09 22:18:50.057961,460.638706961713,446.12788005259387,469.8514811009473,437.205322451542,2959213,-3.1501536214422474
HDFCBANK,2025-08-08 22:18:50.057962,446.12788005259387,424.57154075618126,455.05043765364576,416.08010994105763,3095620,-4.831874505101844
HDFCBANK,2025-08-07 22:18:50.057963,424.57154075618126,444.8594668863524,453.75665622407945,416.08010994105763,3091286,4.7784470183840755
HDFCBANK,2025-08-06 22:18:50.057964,444.8594668863524,435.82945309266916,453.75665622407945,427.1128640308158,2868345,-2.0298576215283983
HDFCBANK,2025-08-05 22:18:50.057966,435.82945309266916,453.0551923530276,462.1162962000882,427.1128640308158,3024285,3.9524036611394058
HDFCBANK,2025-08-04 22:18:50.057967,453.0551923530276,453.28740413521774,462.3531522179221,443.99408850596706,2707858,0.051254634338051414
HDFCBANK,2025-08-03 22:18:50.057968,453.28740413521774,450.45353468580504,462.3531522179221,441.4444639920889,2754410,-0.6251816008033915
HDFCBANK,2025-08-02 22:18:50.057969,450.45353468580504,443.5133506247084,459.46260537952116,434.6430836122142,2828670,-1.5407103123161174
HDFCBANK,2025-08-01 22:18:50.057970,443.5133506247084,461.7967444158701,471.03267930418747,434.6430836122142,3038073,4.122399870355364
HDFCBANK,2025-07-31 22:18:50.057971,461.7967444158701,472.6175955329502,482.0699474436092,452.5608095275527,2893761,2.3432064534728263
HDFCBANK,2025-07-30 22:18:50.057972,472.6175955329502,485.32893275983537,495.0355114150321,463.1652436222912,2921854,2.6895607245750535
HDFCBANK,2025-07-29 22:18:50.057973,485.32893275983537,476.758615704656,495.0355114150321,467.22344339056286,2846933,-1.7658780420207056
HDFCBANK,2025-07-28 22:18:50.057974,476.758615704656,470.16375281216665,486.2937880187491,460.7604777559233,2815900,-1.3832708366983673
HDFCBANK,2025-07-27 22:18:50.057975,470.16375281216665,490.96762875120123,500.78698132622526,460.7604777559233,3062603,4.42481493194689
HDFCBANK,2025-07-26 22:18:50.057976,490.96762875120123,512.7407140785192,522.9955283600896,481.1482761761772,3063407,4.4347293084676025
HDFCBANK,2025-07-25 22:18:50.057978,512.7407140785192,520.3900504974308,530.7978515073794,502.4858997969488,2824707,1.4918527452337766
HDFCBANK,2025-07-24 22:18:50.057979,520.3900504974308,531.7798766341896,542.4154741668734,509.9822494874822,2881230,2.188709435522708
HDFCBANK,2025-07-23 22:18:50.057980,531.7798766341896,551.7672651993032,562.8026105032893,521.1442791015057,3008564,3.7585830986348006
HDFCBANK,2025-07-22 22:18:50.057981,551.7672651993032,565.0834082473333,576.38507641228,540.7319198953171,2899451,2.4133622793335086
HDFCBANK,2025-07-21 22:18:50.057982,565.0834082473333,537.1764107932833,576.38507641228,526.4328825774176,3104273,-4.938562528425064
HDFCBANK,2025-07-20 22:18:50.057983,537.1764107932833,555.6857201735068,566.7994345769769,526.4328825774176,2983183,3.445666825333893
HDFCBANK,2025-07-19 22:18:50.057984,555.6857201735068,552.5500539835884,566.7994345769769,541.4990529039167,2749471,-0.5642877036572423
HDFCBANK,2025-07-18 22:18:50.057985,552.5500539835884,556.0116410742073,567.1318738956915,541.4990529039167,2754515,0.6264748443444601
HDFCBANK,2025-07-17 22:18:50.057986,556.0116410742073,583.3427447168394,595.0095996111762,544.8914082527232,3102408,4.915563204725118
HDFCBANK,2025-07-16 22:18:50.057988,583.3427447168394,584.8262147797565,596.5227390753516,571.6758898225027,2724328,0.25430505073603116
HDFCBANK,2025-07-15 22:18:50.057989,584.8262147797565,590.232740212186,602.0373950164296,573.1296904841613,2778686,0.9244670118738794
HDFCBANK,2025-07-14 22:18:50.057990,590.232740212186,606.5621184978293,618.6933608677858,578.4280854079423,2928103,2.7665998805442378
HDFCBANK,2025-07-13 22:18:50.057992,606.5621184978293,632.0894320829905,644.7312207246503,594.4308761278727,3045059,4.2085242066188355
HDFCBANK,2025-07-12 22:18:50.057993,632.0894320829905,635.505918587099,648.216036958841,619.4476434413307,2747542,0.540506822404828
HDFCBANK,2025-07-11 22:18:50.057994,635.505918587099,651.2526563265824,664.2777094531141,622.7958002153571,2904680,2.477827079013305
HDFCBANK,2025-07-10 22:18:50.057995,651.2526563265824,652.8174238019158,665.8737722779541,638.2276032000507,2723190,0.24027041734609317
HDFCBANK,2025-07-09 22:18:50.057996,652.8174238019158,642.2779259628484,665.8737722779541,629.4323674435914,2834652,-1.6144633177354393
HDFCBANK,2025-07-08 22:18:50.057997,642.2779259628484,637.2150068528337,655.1234844821054,624.4707067157769,2767639,-0.7882754342561069
HDFCBANK,2025-07-07 22:18:50.057998,637.2150068528337,606.3033843118728,649.9593069898904,594.1773166256354,3097175,-4.851050620046039
HDFCBANK,2025-07-06 22:18:50.058000,606.3033843118728,614.6764648967745,626.96999419471,594.1773166256354,2815716,1.3810050878084235
HDFCBANK,2025-07-05 22:18:50.058001,614.6764648967745,632.86322595579,645.5204904749057,602.382935598839,2943689,2.9587534414660985
HDFCBANK,2025-07-04 22:18:50.058002,632.86322595579,620.2217789873216,645.5204904749057,607.8173434075752,2865721,-1.997500636788696
HDFCBANK,2025-07-03 22:18:50.058003,620.2217789873216,633.4191556766247,646.0875387901572,607.8173434075752,2876293,2.1278479950915905
HDFCBANK,2025-07-02 22:18:50.058004,633.4191556766247,607.4319566678649,646.0875387901572,595.2833175345077,3036474,-4.102685998026049
HDFCBANK,2025-07-01 22:18:50.058005,607.4319566678649,623.834848583855,636.3115455555321,595.2833175345077,2922731,2.7003669688321836
HDFCBANK,2025-06-30 22:18:50.058006,623.834848583855,620.1371388773127,636.3115455555321,607.7343960997665,2751779,-0.5927385613253656
HDFCBANK,2025-06-29 22:18:50.058008,620.1371388773127,634.4196398944299,647.1080326923185,607.7343960997665,2890510,2.3031197652464503
HDFCBANK,2025-06-28 22:18:50.058010,634.4196398944299,614.5256771780131,647.1080326923185,602.2351636344529,2958047,-3.1357734637167267
HDFCBANK,2025-06-27 22:18:50.058011,614.5256771780131,638.7655461700488,651.5408570934497,602.2351636344529,3023642,3.9444843221764976
HDFCBANK,2025-06-26 22:18:50.058012,638.7655461700488,624.6883205197506,651.5408570934497,612.1945541093556,2882455,-2.203817305849272
HDFCBANK,2025-06-25 22:18:50.058013,624.6883205197506,645.4723768752556,658.3818244127607,612.1945541093556,2973566,3.3271082030495323
HDFCBANK,2025-06-24 22:18:50.058014,645.4723768752556,672.767567935341,686.2229192940479,632.5629293377505,3046697,4.228715594650545
HDFCBANK,2025-06-23 22:18:50.058015,672.767567935341,655.0667103357611,686.2229192940479,641.9653761290458,2917108,-2.631050966666281
HDFCBANK,2025-06-22 22:18:50.058016,655.0667103357611,625.2609343931637,668.1680445424763,612.7557157053004,3072759,-4.550036732490974
HDFCBANK,2025-06-21 22:18:50.058018,625.2609343931637,629.4050185043067,641.9931188743928,612.7557157053004,2757460,0.6627767517836392
HDFCBANK,2025-06-20 22:18:50.058019,629.4050185043067,606.7984926813847,641.9931188743928,594.662522827757,2995030,-3.5917295157009135
HDFCBANK,2025-06-19 22:18:50.058020,606.7984926813847,579.6707846608542,618.9344625350124,568.0773689676371,3066319,-4.470628775074188
HDFCBANK,2025-06-18 22:18:50.058021,579.6707846608542,560.5448725295025,591.2642003540714,549.3339750789124,2971322,-3.2994438632165313
HDFCBANK,2025-06-17 22:18:50.058022,560.5448725295025,564.54193093188,575.8327695505176,549.3339750789124,2761539,0.7130666246825887
HDFCBANK,2025-06-16 22:18:50.058023,564.54193093188,573.7400205156158,585.2148209259282,553.2510923132423,2835855,1.6293013999071335
HDFCBANK,2025-06-15 22:18:50.058024,573.7400205156158,565.6737873520661,585.2148209259282,554.3603116050248,2817735,-1.4059038719838026
HDFCBANK,2025-06-14 22:18:50.058026,565.6737873520661,552.9846264746094,576.9872630991075,541.9249339451172,2885649,-2.243194074248165
HDFCBANK,2025-06-13 22:18:50.058027,552.9846264746094,573.3927279821397,584.8605825417825,541.9249339451172,3003044,3.690536866754543
HDFCBANK,2025-06-12 22:18:50.058028,573.3927279821397,588.8817917054474,600.6594275395564,561.924873422497,2922806,2.701301039832872
HDFCBANK,2025-06-11 22:18:50.058029,588.8817917054474,595.2452989750635,607.1502049545649,577.1041558713384,2791350,1.0806085973870685
HDFCBANK,2025-06-10 22:18:50.058030,595.2452989750635,567.9549747006771,607.1502049545649,556.5958752066635,3075573,-4.584718992552627
HDFCBANK,2025-06-09 22:18:50.058031,567.9549747006771,566.716215425966,579.3140741946906,555.3818911174467,2721392,-0.21810871105829924
HDFCBANK,2025-06-08 22:18:50.058032,566.716215425966,568.0376546149561,579.3984077072552,555.3818911174467,2722614,0.23317476243322616
HDFCBANK,2025-06-07 22:18:50.058034,568.0376546149561,586.9844520131663,598.7241410534297,556.676901522657,2974246,3.3354826470180567
RELIANCE,2025-09-04 22:18:50.058036,1389.4357853776355,1321.3859403114307,1417.2245010851882,1294.9582215052021,5729275,-4.8976603152415255
RELIANCE,2025-09-03 22:18:50.058037,1321.3859403114307,1332.8315185804302,1359.4881489520387,1294.9582215052021,5125120,0.8661798131666086
RELIANCE,2025-09-02 22:18:50.058038,1332.8315185804302,1369.8194596324647,1397.215848825114,1306.1748882088216,5411195,2.7751400335602514
RELIANCE,2025-09-01 22:18:50.058039,1369.8194596324647,1393.4637790055067,1421.3330545856168,1342.4230704398153,5253985,1.7260901943520466
RELIANCE,2025-08-31 22:18:50.058040,1393.4637790055067,1355.8010495017504,1421.3330545856168,1328.6850285117155,5400357,-2.7028136698777643
RELIANCE,2025-08-30 22:18:50.058042,1355.8010495017504,1295.0920077604574,1382.9170704917854,1269.1901676052482,5666344,-4.477724940809211
RELIANCE,2025-08-29 22:18:50.058043,1295.0920077604574,1231.63522898799,1320.9938479156665,1207.0025244082303,5729594,-4.899789234449852
RELIANCE,2025-08-28 22:18:50.058044,1231.63522898799,1175.5849847149268,1256.2679335677499,1152.0732850206282,5677307,-4.550880240663348
RELIANCE,2025-08-27 22:18:50.058045,1175.5849847149268,1200.9182613082614,1224.9366265344268,1152.0732850206282,5318254,2.1549506775537575
RELIANCE,2025-08-26 22:18:50.058046,1200.9182613082614,1210.3689312441513,1234.5763098690343,1176.8998960820961,5113247,0.7869536370938568
RELIANCE,2025-08-25 22:18:50.058047,1210.3689312441513,1198.3229028909884,1234.5763098690343,1174.3564448331686,5144460,-0.9952360839914
RELIANCE,2025-08-24 22:18:50.058048,1198.3229028909884,1213.638185118213,1237.9109488205772,1174.3564448331686,5186844,1.2780597108071694
RELIANCE,2025-08-23 22:18:50.058049,1213.638185118213,1249.1881173629822,1274.171879710242,1189.3654214158487,5434283,2.9292035040333397
RELIANCE,2025-08-22 22:18:50.058050,1249.1881173629822,1258.9710670919699,1284.1504884338092,1224.2043550157225,5112676,0.783144635544518
RELIANCE,2025-08-21 22:18:50.058051,1258.9710670919699,1226.572988855141,1284.1504884338092,1202.0415290780381,5380959,-2.5733775051450127
RELIANCE,2025-08-20 22:18:50.058053,1226.572988855141,1204.95974322611,1251.1044486322437,1180.860548361588,5259379,-1.7620839383724143
RELIANCE,2025-08-19 22:18:50.058054,1204.95974322611,1248.6934824985522,1273.6673521485232,1180.860548361588,5539226,3.6294772101971837
RELIANCE,2025-08-18 22:18:50.058055,1248.6934824985522,1222.8220393800596,1273.6673521485232,1198.3655985924584,5305805,-2.071881008518245
RELIANCE,2025-08-17 22:18:50.058056,1222.8220393800596,1247.9179310645466,1272.8762896858375,1198.3655985924584,5302870,2.0522930464362625
RELIANCE,2025-08-16 22:18:50.058057,1247.9179310645466,1200.9749413770214,1272.8762896858375,1176.955442549481,5559042,-3.7617048780988362
RELIANCE,2025-08-15 22:18:50.058058,1200.9749413770214,1200.5270420283657,1224.994440204562,1176.5165011877984,5000903,-0.037294645643663055
RELIANCE,2025-08-14 22:18:50.058059,1200.5270420283657,1255.4525060427131,1280.5615561635675,1176.5165011877984,5680938,4.575112604006606
RELIANCE,2025-08-13 22:18:50.058060,1255.4525060427131,1199.8593261099554,1280.5615561635675,1175.8621395877562,5658913,-4.428138831630663
RELIANCE,2025-08-12 22:18:50.058061,1199.8593261099554,1174.135283889979,1223.8565126321546,1150.6525782121794,5316601,-2.1439215131473732
RELIANCE,2025-08-11 22:18:50.058062,1174.135283889979,1124.2245216647386,1197.6179895677787,1101.740031231444,5632345,-4.250852768846459
RELIANCE,2025-08-10 22:18:50.058063,1124.2245216647386,1106.28922893219,1146.7090120980333,1084.1634443535463,5234392,-1.5953479386831184
RELIANCE,2025-08-09 22:18:50.058064,1106.28922893219,1071.8889625498266,1128.415013510834,1050.45118329883,5461305,-3.109518332341289
RELIANCE,2025-08-08 22:18:50.058065,1071.8889625498266,1048.9745955206588,1093.3267418008231,1027.9951036102457,5315677,-2.137755665909533
RELIANCE,2025-08-07 22:18:50.058066,1048.9745955206588,1066.9543117319658,1088.2933979666052,1027.9951036102457,5252178,1.7140278027784812
RELIANCE,2025-08-06 22:18:50.058067,1066.9543117319658,1118.0318040006928,1140.3924400807066,1045.6152254973265,5712725,4.78722394268354
RELIANCE,2025-08-05 22:18:50.058068,1118.0318040006928,1094.5238253498442,1140.3924400807066,1072.6333488428472,5310412,-2.102621639807493
RELIANCE,2025-08-04 22:18:50.058069,1094.5238253498442,1140.59188159832,1163.4037192302865,1072.6333488428472,5626067,4.208958743657401
RELIANCE,2025-08-03 22:18:50.058070,1140.59188159832,1148.6797759254353,1171.653371443944,1117.7800439663536,5101579,0.7090962558651326
RELIANCE,2025-08-02 22:18:50.058071,1148.6797759254353,1110.8707680591692,1171.653371443944,1088.6533526979858,5488580,-3.2915185466554533
RELIANCE,2025-08-01 22:18:50.058073,1110.8707680591692,1108.9918252338791,1133.0881834203526,1086.8119887292016,5020662,-0.16914144104923784
RELIANCE,2025-07-31 22:18:50.058074,1108.9918252338791,1120.2806293618817,1142.6862419491192,1086.8119887292016,5147862,1.017933935231842
RELIANCE,2025-07-30 22:18:50.058075,1120.2806293618817,1123.0876160280359,1145.5493683485965,1097.875016774644,5032863,0.2505610284231262
RELIANCE,2025-07-29 22:18:50.058076,1123.0876160280359,1125.9681395304103,1148.4875023210186,1100.6258637074752,5033751,0.25648252738836447
RELIANCE,2025-07-28 22:18:50.058077,1125.9681395304103,1122.2043307112046,1148.4875023210186,1099.7602440969806,5045408,-0.33427311902230056
RELIANCE,2025-07-27 22:18:50.058079,1122.2043307112046,1175.1029703239442,1198.605029730423,1099.7602440969806,5701724,4.71381531554194
RELIANCE,2025-07-26 22:18:50.058080,1175.1029703239442,1163.1755174700747,1198.605029730423,1139.9120071206733,5147424,-1.0150134205329489
RELIANCE,2025-07-25 22:18:50.058082,1163.1755174700747,1197.663537824004,1221.616808580484,1139.9120071206733,5439646,2.9649885022460936
RELIANCE,2025-07-24 22:18:50.058083,1197.663537824004,1164.7119289089233,1221.616808580484,1141.4176903307448,5407626,-2.751324380714586
RELIANCE,2025-07-23 22:18:50.058084,1164.7119289089233,1108.4492339745223,1188.0061674871017,1086.2802492950318,5719227,-4.83061034560765
RELIANCE,2025-07-22 22:18:50.058085,1108.4492339745223,1108.0155854988327,1130.6182186540127,1085.855273788856,5001177,-0.039122087182528326
RELIANCE,2025-07-21 22:18:50.058086,1108.0155854988327,1083.16711426964,1130.1758972088094,1061.5037719842471,5331391,-2.2426102623823385
RELIANCE,2025-07-20 22:18:50.058087,1083.16711426964,1036.2502400913195,1104.830456555033,1015.525235289493,5644424,-4.331452973436671
RELIANCE,2025-07-19 22:18:50.058088,1036.2502400913195,1055.3194955461802,1076.4258854571037,1015.525235289493,5271088,1.8402172291106216
RELIANCE,2025-07-18 22:18:50.058089,1055.3194955461802,1083.384986168137,1105.0526858914998,1034.2131056352566,5393855,2.659430697566287
RELIANCE,2025-07-17 22:18:50.058090,1083.384986168137,1091.6876582929617,1113.521411458821,1061.7172864447741,5110161,0.7663639639488518
RELIANCE,2025-07-16 22:18:50.058091,1091.6876582929617,1100.0153839918007,1122.0156916716367,1069.8539051271025,5109632,0.7628304337396961
RELIANCE,2025-07-15 22:18:50.058092,1100.0153839918007,1094.0643240256384,1122.0156916716367,1072.1830375451257,5076388,-0.5409978853720132
RELIANCE,2025-07-14 22:18:50.058093,1094.0643240256384,1091.7342567540343,1115.945610506151,1069.8995716189536,5027231,-0.21297351722708302
RELIANCE,2025-07-13 22:18:50.058094,1091.7342567540343,1082.4348749083615,1113.568941889115,1060.7861774101943,5122965,-0.8517990333400193
RELIANCE,2025-07-12 22:18:50.058095,1082.4348749083615,1059.9718186186526,1104.0835724065287,1038.7723822462794,5306308,-2.075233975772505
RELIANCE,2025-07-11 22:18:50.058096,1059.9718186186526,1023.8450682453487,1081.1712549910258,1003.3681668804417,5506077,-3.4082746105820085
RELIANCE,2025-07-10 22:18:50.058097,1023.8450682453487,1049.3676643421577,1070.355017629001,1003.3681668804417,5368887,2.4928181898213637
RELIANCE,2025-07-09 22:18:50.058098,1049.3676643421577,1014.9784972680092,1070.355017629001,994.678927322649,5486424,-3.2771323381406967
RELIANCE,2025-07-08 22:18:50.058100,1014.9784972680092,1000.4397818816734,1035.2780672133695,980.4309862440399,5209976,-1.4324160980226888
RELIANCE,2025-07-07 22:18:50.058101,1000.4397818816734,1013.0884750405665,1033.3502445413778,980.4309862440399,5184784,1.2643132938099433
RELIANCE,2025-07-06 22:18:50.058102,1013.0884750405665,1005.7001203391812,1033.3502445413778,985.5861179323975,5104606,-0.7292901739001156
RELIANCE,2025-07-05 22:18:50.058103,1005.7001203391812,1049.007849875405,1069.9880068729133,985.5861179323975,5640643,4.306226941846046
RELIANCE,2025-07-04 22:18:50.058104,1049.007849875405,1064.5071221503165,1085.7972645933228,1028.027692877897,5216734,1.4775172823303566
RELIANCE,2025-07-03 22:18:50.058105,1064.5071221503165,1102.2557903256613,1124.3009061321745,1043.2169797073102,5526734,3.5461170141437943
RELIANCE,2025-07-02 22:18:50.058106,1102.2557903256613,1104.31693424166,1126.4032729264932,1080.2106745191481,5023337,0.18699324912501702
RELIANCE,2025-07-01 22:18:50.058107,1104.31693424166,1080.961804984769,1126.4032729264932,1059.3425688850737,5312251,-2.1148936987848455
RELIANCE,2025-06-30 22:18:50.058108,1080.961804984769,1028.6129432387922,1102.5810410844645,1008.0406843740163,5721054,-4.84280401995466
RELIANCE,2025-06-29 22:18:50.058109,1028.6129432387922,1062.1663304546926,1083.4096570637864,1008.0406843740163,5484157,3.2620032089282254
RELIANCE,2025-06-28 22:18:50.058110,1062.1663304546926,1079.5558824203597,1101.1470000687668,1040.9230038455987,5240661,1.6371778569014825
RELIANCE,2025-06-27 22:18:50.058111,1079.5558824203597,1042.9405707411495,1101.1470000687668,1022.0817593263265,5503593,-3.3917013723382974
RELIANCE,2025-06-26 22:18:50.058112,1042.9405707411495,1042.4676426231242,1063.7993821559726,1021.6182897706617,5002110,-0.04534564396982549
RELIANCE,2025-06-25 22:18:50.058113,1042.4676426231242,1080.587897037387,1102.1996549781347,1021.6182897706617,5543310,3.656732627052299
RELIANCE,2025-06-24 22:18:50.058114,1080.587897037387,1071.6425897386289,1102.1996549781347,1050.2097379438562,5119371,-0.8278185720276179
RELIANCE,2025-06-23 22:18:50.058116,1071.6425897386289,1058.9265441238456,1093.0754415334015,1037.7480132413687,5173137,-1.186593901413039
RELIANCE,2025-06-22 22:18:50.058117,1058.9265441238456,1081.2305429445364,1102.8551538034271,1037.7480132413687,5310961,2.106283853630769
RELIANCE,2025-06-21 22:18:50.058118,1081.2305429445364,1095.878931500083,1117.7965101300845,1059.6059320856457,5198342,1.3547886388460815
RELIANCE,2025-06-20 22:18:50.058119,1095.878931500083,1136.6247138287947,1159.3572081053705,1073.9613528700813,5552506,3.7180915845272597
RELIANCE,2025-06-19 22:18:50.058120,1136.6247138287947,1178.3150102128825,1201.8813104171402,1113.8922195522189,5544984,3.667903387711073
RELIANCE,2025-06-18 22:18:50.058121,1178.3150102128825,1148.9720210675591,1201.8813104171402,1125.992580646208,5368502,-2.490249966349997
RELIANCE,2025-06-17 22:18:50.058122,1148.9720210675591,1204.6890996596912,1228.7828816528852,1125.992580646208,5722028,4.849298117839551
RELIANCE,2025-06-16 22:18:50.058123,1204.6890996596912,1181.9534714746862,1228.7828816528852,1158.3144020451925,5278138,-1.8872610527834666
RELIANCE,2025-06-15 22:18:50.058124,1181.9534714746862,1226.4049074401196,1250.933005588922,1158.3144020451925,5558913,3.7608448249635913
RELIANCE,2025-06-14 22:18:50.058125,1226.4049074401196,1229.6931603981714,1254.2870236061349,1201.8768092913172,5035495,0.2681213144291227
RELIANCE,2025-06-13 22:18:50.058127,1229.6931603981714,1244.5320952682703,1269.4227371736356,1205.0992971902078,5176153,1.206718500840829
RELIANCE,2025-06-12 22:18:50.058128,1244.5320952682703,1191.94356852259,1269.4227371736356,1168.1046971521382,5628556,-4.225566134101516
RELIANCE,2025-06-11 22:18:50.058129,1191.94356852259,1144.9870186320404,1215.782439893042,1122.0872782593997,5585685,-3.939494379650208
RELIANCE,2025-06-10 22:18:50.058130,1144.9870186320404,1140.2578372903533,1167.8867590046812,1117.4526805445462,5057211,-0.4130336208822069
RELIANCE,2025-06-09 22:18:50.058131,1140.2578372903533,1089.9869661868402,1163.0629940361605,1068.1872268631034,5656004,-4.408728399795445
RELIANCE,2025-06-08 22:18:50.058132,1089.9869661868402,1066.684290948498,1111.786705510577,1045.350605129528,5315697,-2.137885677648338
RELIANCE,2025-06-07 22:18:50.058133,1066.684290948498,1101.3131332070825,1123.3393958712243,1045.350605129528,5481818,3.246400322235225
ITC,2025-09-04 22:18:50.058135,1270.0137001248147,1293.0471585333778,1318.9081017040453,1244.6134261223183,2292848,1.8136385777806519
ITC,2025-09-03 22:18:50.058136,1293.0471585333778,1251.5505914377638,1318.9081017040453,1226.5195796090086,2383890,-3.2092075545551504
ITC,2025-09-02 22:18:50.058137,1251.5505914377638,1299.0729115106822,1325.054369740896,1226.5195796090086,2422240,3.797075435706157
ITC,2025-09-01 22:18:50.058138,1299.0729115106822,1274.7075081337578,1325.054369740896,1249.2133579710826,2296891,-1.875599372524063
ITC,2025-08-31 22:18:50.058139,1274.7075081337578,1289.6417086290592,1315.4345428016404,1249.2133579710826,2250963,1.171578609210966
ITC,2025-08-30 22:18:50.058140,1289.6417086290592,1245.4611729406222,1315.4345428016404,1220.5519494818097,2398019,-3.425799227244501
ITC,2025-08-29 22:18:50.058141,1245.4611729406222,1296.1668775214691,1322.0902150718985,1220.5519494818097,2440125,4.071239287301695
ITC,2025-08-28 22:18:50.058142,1296.1668775214691,1344.34936851917,1371.2363558895534,1270.2435399710398,2417036,3.7173061457823633
ITC,2025-08-27 22:18:50.058144,1344.34936851917,1331.8709723213783,1371.2363558895534,1305.2335528749506,2235087,-0.9282108126057176
ITC,2025-08-26 22:18:50.058145,1331.8709723213783,1364.1047584760981,1391.38685364562,1305.2335528749506,2332417,2.4201883534212194
ITC,2025-08-25 22:18:50.058146,1364.1047584760981,1424.5331994540736,1453.023863443155,1336.8226633065763,2463523,4.429897381597198
ITC,2025-08-24 22:18:50.058147,1424.5331994540736,1464.0833299954354,1493.364996595344,1396.0425354649922,2355652,2.776357234532592
ITC,2025-08-23 22:18:50.058148,1464.0833299954354,1453.9150932158523,1493.364996595344,1424.836791351535,2219841,-0.6945121613818814
ITC,2025-08-22 22:18:50.058149,1453.9150932158523,1402.2253177909183,1482.9933950801694,1374.1808114351,2406462,-3.5552127951711068
ITC,2025-08-21 22:18:50.058150,1402.2253177909183,1469.1608490044591,1498.5440659845483,1374.1808114351,2485940,4.773521798835565
ITC,2025-08-20 22:18:50.058151,1469.1608490044591,1478.0888445444707,1507.65062143536,1439.77763202437,2214177,0.6076935378492743
ITC,2025-08-19 22:18:50.058152,1478.0888445444707,1457.9347955511653,1507.65062143536,1428.7760996401419,2263485,-1.3635208105177647
ITC,2025-08-18 22:18:50.058153,1457.9347955511653,1426.6359646153412,1487.0934914621887,1398.1032453230343,2314582,-2.146792231815257
ITC,2025-08-17 22:18:50.058154,1426.6359646153412,1387.5164072648936,1455.168683907648,1359.7660791195956,2353417,-2.7420840579324124
ITC,2025-08-16 22:18:50.058155,1387.5164072648936,1334.35146558957,1415.2667354101916,1307.6644362777786,2424496,-3.831662198512207
ITC,2025-08-15 22:18:50.058156,1334.35146558957,1368.6314843812784,1396.004114068904,1307.6644362777786,2342128,2.5690396927440893
ITC,2025-08-14 22:18:50.058157,1368.6314843812784,1404.3822608425294,1432.46990605938,1341.2588546936527,2344941,2.6121550519066785
ITC,2025-08-13 22:18:50.058159,1404.3822608425294,1451.3885373569042,1480.4163081040424,1376.2946156256787,2392886,3.347114088878805
ITC,2025-08-12 22:18:50.058160,1451.3885373569042,1384.4888531846655,1480.4163081040424,1356.7990761209721,2475230,-4.609357346453098
ITC,2025-08-11 22:18:50.058161,1384.4888531846655,1322.3829245250136,1412.1786302483588,1295.9352660345132,2467172,-4.485838113957585
ITC,2025-08-10 22:18:50.058162,1322.3829245250136,1256.8739807142456,1348.8305830155139,1231.7365010999606,2497704,-4.953855845824539
ITC,2025-08-09 22:18:50.058163,1256.8739807142456,1271.176005995778,1296.5995261156936,1231.7365010999606,2248766,1.1379044757856263
ITC,2025-08-08 22:18:50.058164,1271.176005995778,1272.8775509093377,1298.3351019275244,1245.7524858758625,2183266,0.13385596530566674
ITC,2025-08-07 22:18:50.058165,1272.8775509093377,1314.6523942393887,1340.9454421241765,1247.419999891151,2388633,3.2819216035515133
ITC,2025-08-06 22:18:50.058166,1314.6523942393887,1325.3114020194084,1351.8176300597966,1288.359346354601,2227426,0.8107852559905357
ITC,2025-08-05 22:18:50.058167,1325.3114020194084,1339.3293312292897,1366.1159178538755,1298.8051739790203,2243535,1.0577083384721409
ITC,2025-08-04 22:18:50.058169,1339.3293312292897,1344.6436380195503,1371.5365107799414,1312.5427446047038,2200419,0.396788651330663
ITC,2025-08-03 22:18:50.058170,1344.6436380195503,1343.7024872118934,1371.5365107799414,1316.8284374676555,2179100,-0.06999258249887758
ITC,2025-08-02 22:18:50.058171,1343.7024872118934,1374.6342886786533,1402.1269744522265,1316.8284374676555,2324706,2.3019828988291664
ITC,2025-08-01 22:18:50.058172,1374.6342886786533,1327.94716778945,1402.1269744522265,1301.388224433661,2396097,-3.3963303020820486
ITC,2025-07-31 22:18:50.058173,1327.94716778945,1280.1807626339105,1354.5061111452392,1254.5771473812322,2409189,-3.597010959031858
ITC,2025-07-30 22:18:50.058174,1280.1807626339105,1313.48720723427,1339.7569513789554,1254.5771473812322,2344258,2.6016985704294644
ITC,2025-07-29 22:18:50.058175,1313.48720723427,1378.8893405228287,1406.4671273332854,1287.2174630895847,2499362,4.979274478528946
ITC,2025-07-28 22:18:50.058176,1378.8893405228287,1422.3430109646702,1450.7898711839637,1351.311553712372,2380116,3.151352988584671
ITC,2025-07-27 22:18:50.058177,1422.3430109646702,1461.94270885394,1491.1815630310189,1393.8961507453766,2356159,2.784117303913379
ITC,2025-07-26 22:18:50.058178,1461.94270885394,1420.0106623343681,1491.1815630310189,1391.6104490876808,2361647,-2.8682414341970874
ITC,2025-07-25 22:18:50.058180,1420.0106623343681,1390.9548185920044,1448.4108755810555,1363.1357222201643,2308018,-2.046170814985191
ITC,2025-07-24 22:18:50.058181,1390.9548185920044,1365.1414365752094,1418.7739149638444,1337.8386078437052,2295599,-1.8558030549780704
ITC,2025-07-23 22:18:50.058182,1365.1414365752094,1360.1973098173119,1392.4442653067135,1332.9933636209655,2198160,-0.36216956173428655
ITC,2025-07-22 22:18:50.058183,1360.1973098173119,1369.2878720581227,1396.6736294992852,1332.9933636209655,2218133,0.668326732834943
ITC,2025-07-21 22:18:50.058184,1369.2878720581227,1302.316101098623,1396.6736294992852,1276.2697790766506,2493603,-4.890992779979646
ITC,2025-07-20 22:18:50.058185,1302.316101098623,1274.3802218040028,1328.3624231205954,1248.8926173679226,2314471,-2.145092061063656
ITC,2025-07-19 22:18:50.058186,1274.3802218040028,1285.9986057810572,1311.7185778966784,1248.8926173679226,2234009,0.9116889746301691
ITC,2025-07-18 22:18:50.058188,1285.9986057810572,1255.0498902043826,1311.7185778966784,1229.9488924002949,2331530,-2.4065901345108998
ITC,2025-07-17 22:18:50.058189,1255.0498902043826,1222.5800612697797,1280.1508880084702,1198.1284600443842,2343308,-2.5871345185580865
ITC,2025-07-16 22:18:50.058190,1222.5800612697797,1204.5848004683164,1247.0316624951752,1180.49310445895,2270555,-1.4719085785493136
ITC,2025-07-15 22:18:50.058191,1204.5848004683164,1181.0979255753537,1228.6764964776828,1157.4759670638466,2301730,-1.9497900757033961
ITC,2025-07-14 22:18:50.058192,1181.0979255753537,1230.04318887491,1254.6440526524082,1157.4759670638466,2444875,4.144047859174188
ITC,2025-07-13 22:18:50.058193,1230.04318887491,1271.536211363737,1296.9669355910119,1205.4423250974116,2394594,3.3732980162086728
ITC,2025-07-12 22:18:50.058194,1271.536211363737,1267.6198166700096,1296.9669355910119,1242.2674203366093,2194627,-0.3080049674343909
ITC,2025-07-11 22:18:50.058195,1267.6198166700096,1255.0771815352825,1292.97221300341,1229.9756379045768,2239083,-0.9894634787010734
ITC,2025-07-10 22:18:50.058196,1255.0771815352825,1267.1318245878135,1292.47446107957,1229.9756379045768,2237191,0.9604702587123058
ITC,2025-07-09 22:18:50.058198,1267.1318245878135,1297.8894609571723,1323.8472501763158,1241.7891880960572,2332884,2.427343057172769
ITC,2025-07-08 22:18:50.058199,1297.8894609571723,1236.5698449680995,1323.8472501763158,1211.8384480687375,2482746,-4.724563827172973
ITC,2025-07-07 22:18:50.058200,1236.5698449680995,1269.7476502896263,1295.142603295419,1211.8384480687375,2349566,2.683051463411909
ITC,2025-07-06 22:18:50.058201,1269.7476502896263,1266.5149464473134,1295.142603295419,1241.184647518367,2191143,-0.2545941976404176
ITC,2025-07-05 22:18:50.058202,1266.5149464473134,1206.8111544092292,1291.8452453762598,1182.6749313210446,2482058,-4.714021907562851
ITC,2025-07-04 22:18:50.058203,1206.8111544092292,1260.8436086033912,1286.0604807754592,1182.6749313210446,2466615,4.477291579278822
ITC,2025-07-03 22:18:50.058204,1260.8436086033912,1303.502846635076,1329.5729035677775,1235.6267364313233,2395253,3.383388529758849
ITC,2025-07-02 22:18:50.058205,1303.502846635076,1346.884920557061,1373.8226189682023,1277.4327897023743,2391647,3.328115012097864
ITC,2025-07-01 22:18:50.058206,1346.884920557061,1285.2808936010895,1373.8226189682023,1259.5752757290677,2472911,-4.573815180178312
ITC,2025-06-30 22:18:50.058207,1285.2808936010895,1307.7167929442949,1333.8711288031807,1259.5752757290677,2288410,1.7456028059628785
ITC,2025-06-29 22:18:50.058208,1307.7167929442949,1309.6964535245816,1335.890382595073,1281.562457085409,2184410,0.15138297458347147
ITC,2025-06-28 22:18:50.058209,1309.6964535245816,1250.701519330746,1335.890382595073,1225.687488944131,2468388,-4.5044738446891195
ITC,2025-06-27 22:18:50.058211,1250.701519330746,1204.4134738238317,1275.7155497173608,1180.325204347355,2415970,-3.700966600862774
ITC,2025-06-26 22:18:50.058212,1204.4134738238317,1254.1788013591645,1279.2623773863477,1180.325204347355,2444084,4.131913883139749
ITC,2025-06-25 22:18:50.058213,1254.1788013591645,1313.1620103978316,1339.4252506057883,1229.0952253319813,2481335,4.702934619429593
ITC,2025-06-24 22:18:50.058214,1313.1620103978316,1314.1715185053822,1340.45494887549,1286.898770189875,2179549,0.07687612796876547
ITC,2025-06-23 22:18:50.058215,1314.1715185053822,1266.924063431049,1340.45494887549,1241.585582162428,2409072,-3.5952274424626243
ITC,2025-06-22 22:18:50.058216,1266.924063431049,1262.931382661138,1292.2625446996701,1237.6727550079154,2195093,-0.31514759922533286
ITC,2025-06-21 22:18:50.058217,1262.931382661138,1252.3489796315416,1288.1900103143607,1227.3020000389108,2229197,-0.8379238314038938
ITC,2025-06-20 22:18:50.058218,1252.3489796315416,1218.32662265343,1277.3959592241724,1193.9600902003613,2351760,-2.7166834110506146
ITC,2025-06-19 22:18:50.058219,1218.32662265343,1198.8833343560689,1242.6931551064986,1174.9056676689474,2278644,-1.59590112666297
ITC,2025-06-18 22:18:50.058220,1198.8833343560689,1228.2985439506829,1252.8645148296966,1174.9056676689474,2334594,2.4535506292956493
ITC,2025-06-17 22:18:50.058221,1228.2985439506829,1226.0683900133579,1252.8645148296966,1201.5470222130907,2186378,-0.1815644859556688
ITC,2025-06-16 22:18:50.058222,1226.0683900133579,1168.3704286124507,1250.589757813625,1145.0030200402016,2481530,-4.705933361537723
ITC,2025-06-15 22:18:50.058223,1168.3704286124507,1137.8069200915731,1191.7378371846999,1115.0507816897416,2345185,-2.615909113445695
ITC,2025-06-14 22:18:50.058224,1137.8069200915731,1193.9526292864175,1217.831681872146,1115.0507816897416,2496445,4.934555081658802
ITC,2025-06-13 22:18:50.058225,1193.9526292864175,1210.465418327925,1234.6747266944835,1170.073576700689,2264758,1.3830355272450272
ITC,2025-06-12 22:18:50.058226,1210.465418327925,1150.0552992177027,1234.6747266944835,1127.0541932333485,2500104,-4.990652206625574
ITC,2025-06-11 22:18:50.058228,1150.0552992177027,1142.2077267042298,1173.0564052020568,1119.3635721701453,2219049,-0.6823647974850424
ITC,2025-06-10 22:18:50.058229,1142.2077267042298,1130.7977187531444,1165.0518812383143,1108.1817643780814,2239701,-0.9989433344150332
ITC,2025-06-09 22:18:50.058230,1130.7977187531444,1162.429289790345,1185.677875586152,1108.1817643780814,2357017,2.7972793464845798
ITC,2025-06-08 22:18:50.058231,1162.429289790345,1165.531315190968,1188.8419414947873,1139.180703994538,2191943,0.2668571265252953
ITC,2025-06-07 22:18:50.058232,1165.531315190968,1153.3807067014293,1188.8419414947873,1130.3130925674006,2242542,-1.0424952406832464
SBIN,2025-09-04 22:18:50.058233,658.1948744030321,686.8610420297155,700.5982628703098,645.0309769149715,8090865,4.355270565223244
SBIN,2025-09-03 22:18:50.058234,686.8610420297155,656.9514479560836,700.5982628703098,643.8124189969619,8090707,-4.354533485440853
SBIN,2025-09-02 22:18:50.058235,656.9514479560836,657.6506996751888,670.8037136686926,643.8124189969619,7178740,0.10643887326541174
SBIN,2025-09-01 22:18:50.058236,657.6506996751888,642.1848604793257,670.8037136686926,629.3411632697392,7660741,-2.351679881660832
SBIN,2025-08-31 22:18:50.058237,642.1848604793257,647.273670158222,660.2191435613864,629.3411632697392,7326004,0.7924213092002863
SBIN,2025-08-30 22:18:50.058238,647.273670158222,663.7606156693435,677.0358279827303,634.3281967550575,7702701,2.5471367477517353
SBIN,2025-08-29 22:18:50.058239,663.7606156693435,640.4752131804076,677.0358279827303,627.6657089167995,7908998,-3.5081024603206625
SBIN,2025-08-28 22:18:50.058242,640.4752131804076,624.981466513168,653.2847174440158,612.4818371829047,7675215,-2.4191016839359527
SBIN,2025-08-27 22:18:50.058243,624.981466513168,637.7311176667715,650.485740020107,612.4818371829047,7593831,2.0400046780162997
SBIN,2025-08-26 22:18:50.058244,637.7311176667715,633.1870457361598,650.485740020107,620.5233048214366,7308855,-0.7125372754644379
SBIN,2025-08-25 22:18:50.058245,633.1870457361598,662.5856224308321,675.8373348794488,620.5233048214366,8152624,4.642952961947104
SBIN,2025-08-24 22:18:50.058246,662.5856224308321,685.066648105436,698.7679810675447,649.3339099822155,7884272,3.3929238597311615
SBIN,2025-08-23 22:18:50.058247,685.066648105436,666.9355972971498,698.7679810675447,653.5968853512068,7724056,-2.6466112251162635
SBIN,2025-08-22 22:18:50.058266,666.9355972971498,697.5076197078112,711.4577721019674,653.5968853512068,8139958,4.583954213054274
SBIN,2025-08-21 22:18:50.058279,697.5076197078112,719.7293358439323,734.1239225608109,683.5574673136549,7839823,3.1858743199722914
SBIN,2025-08-20 22:18:50.058280,719.7293358439323,703.9717891711848,734.1239225608109,689.8923533877611,7625897,-2.189371182747556
SBIN,2025-08-19 22:18:50.058282,703.9717891711848,698.7569097935301,718.0512249546085,684.7817715976595,7314918,-0.7407795962668231
SBIN,2025-08-18 22:18:50.058283,698.7569097935301,705.8674564927622,719.9848056226175,684.7817715976595,7374345,1.0175994826774817
SBIN,2025-08-17 22:18:50.058284,705.8674564927622,704.1404114944289,719.9848056226175,690.0576032645404,7208415,-0.24466987143937913
SBIN,2025-08-16 22:18:50.058285,704.1404114944289,675.2259347247016,718.2232197243175,661.7214160302075,8037428,-4.106350991609872
SBIN,2025-08-15 22:18:50.058287,675.2259347247016,707.8973298322005,722.0552764288445,661.7214160302075,8194622,4.838587119853368
SBIN,2025-08-14 22:18:50.058288,707.8973298322005,736.1363314046476,750.8590580327406,693.7393832355565,8012265,3.9891380264339844
SBIN,2025-08-13 22:18:50.058289,736.1363314046476,726.5482970441242,750.8590580327406,712.0173311032416,7435502,-1.3024807975756552
SBIN,2025-08-12 22:18:50.058290,726.5482970441242,726.2213043097786,741.0792629850067,711.696878223583,7165552,-0.04500633139956842
SBIN,2025-08-11 22:18:50.058291,726.2213043097786,762.217225217789,777.4615697221448,711.696878223583,8219958,4.95660492117095
SBIN,2025-08-10 22:18:50.058292,762.217225217789,770.3441170419056,785.7509993827438,746.9728807134331,7384782,1.0662172875710738
SBIN,2025-08-09 22:18:50.058293,770.3441170419056,767.1490254833973,785.7509993827438,751.8060449737293,7244930,-0.41476159651576483
SBIN,2025-08-08 22:18:50.058294,767.1490254833973,754.6753826799841,782.4920059930653,739.5818750263844,7504949,-1.6259738836992381
SBIN,2025-08-07 22:18:50.058295,754.6753826799841,749.8155658820958,769.7688903335837,734.8192545644539,7294133,-0.6439612195418511
SBIN,2025-08-06 22:18:50.058296,749.8155658820958,733.3869396491415,764.8118771997378,718.7192008561586,7626251,-2.191022296746722
SBIN,2025-08-05 22:18:50.058297,733.3869396491415,709.2285003502885,748.0546784421243,695.0439303432828,7863055,-3.2940918351246573
SBIN,2025-08-04 22:18:50.058299,709.2285003502885,741.7106546502503,756.5448677432553,695.0439303432828,8139094,4.5799279476105115
SBIN,2025-08-03 22:18:50.058300,741.7106546502503,750.7740748104445,765.7895563066534,726.8764415572452,7418217,1.2219617047928357
SBIN,2025-08-02 22:18:50.058301,750.7740748104445,757.3536458659903,772.5007187833102,735.7585933142357,7344026,0.876371637793575
SBIN,2025-08-01 22:18:50.058302,757.3536458659903,758.3190758279899,773.4854573445497,742.2065729486704,7183256,0.12747412879959633
SBIN,2025-07-31 22:18:50.058303,758.3190758279899,774.209261810694,789.6934470469079,743.1526943114301,7605734,2.0954485373263374
SBIN,2025-07-30 22:18:50.058304,774.209261810694,778.237668395829,793.8024217637457,758.7250765744801,7267592,0.5203252897948485
SBIN,2025-07-29 22:18:50.058305,778.237668395829,748.3695986782077,793.8024217637457,733.4022067046435,7979800,-3.8379110817377917
SBIN,2025-07-28 22:18:50.058306,748.3695986782077,748.6622894971448,763.6355352870877,733.4022067046435,7164286,0.03911046352683897
SBIN,2025-07-27 22:18:50.058307,748.6622894971448,779.3605506401848,794.9477616529884,733.6890437072019,8036154,4.100415043431546
SBIN,2025-07-26 22:18:50.058309,779.3605506401848,774.1447830516533,794.9477616529884,758.6618873906202,7299559,-0.6692367973009504
SBIN,2025-07-25 22:18:50.058310,774.1447830516533,800.8244121673674,816.8409004107148,758.6618873906202,7895738,3.446335840505685
SBIN,2025-07-24 22:18:50.058311,800.8244121673674,773.891114998082,816.8409004107148,758.4132926981204,7877890,-3.3631963212001197
SBIN,2025-07-23 22:18:50.058312,773.891114998082,758.619127366938,789.3689372980436,743.4467448195992,7579533,-1.97340263186532
SBIN,2025-07-22 22:18:50.058313,758.619127366938,787.2708459651532,803.0162628844563,743.4467448195992,7966686,3.776825229501045
SBIN,2025-07-21 22:18:50.058314,787.2708459651532,804.6250653405025,820.7175666473125,771.52542904585,7629113,2.204351839559604
SBIN,2025-07-20 22:18:50.058315,804.6250653405025,824.3950289611277,840.8829295403502,788.5325640336924,7683359,2.457040486584752
SBIN,2025-07-19 22:18:50.058316,824.3950289611277,812.0253844724386,840.8829295403502,795.7848767829898,7478002,-1.5004511252665733
SBIN,2025-07-18 22:18:50.058317,812.0253844724386,803.1664952442092,828.2658921618875,787.103165339325,7390094,-1.090962105080613
SBIN,2025-07-17 22:18:50.058318,803.1664952442092,767.9719590209031,819.2298251490934,752.612519840485,8096597,-4.38197265843427
SBIN,2025-07-16 22:18:50.058320,767.9719590209031,750.5746296189121,783.3313982013212,735.5631370265339,7642210,-2.2653599780089717
SBIN,2025-07-15 22:18:50.058321,750.5746296189121,743.4980421173327,765.5861222112903,728.628081274986,7358292,-0.9428226351285527
SBIN,2025-07-14 22:18:50.058322,743.4980421173327,777.9513970417247,793.5104249825592,728.628081274986,8150692,4.633953685510171
SBIN,2025-07-13 22:18:50.058324,777.9513970417247,769.0406233079495,793.5104249825592,753.6598108417905,7401784,-1.145415223580757
SBIN,2025-07-12 22:18:50.058325,769.0406233079495,805.0747804993503,821.1762761093373,753.6598108417905,8161779,4.685598666609257
SBIN,2025-07-11 22:18:50.058326,805.0747804993503,773.7237040872309,821.1762761093373,758.2492300054862,7991880,-3.8941819035337026
SBIN,2025-07-10 22:18:50.058327,773.7237040872309,750.1850197256927,789.1981781689756,735.1813193311788,7808992,-3.0422596900151966
SBIN,2025-07-09 22:18:50.058328,750.1850197256927,773.5362528743576,789.0069779318447,735.1813193311788,7824121,3.1127298645877195
SBIN,2025-07-08 22:18:50.058329,773.5362528743576,793.2583127137286,809.1234789680033,758.0655278168705,7703229,2.5495973544984367
SBIN,2025-07-07 22:18:50.058330,793.2583127137286,807.5870045827476,823.7387446744025,777.393146459454,7543662,1.8063084419500997
SBIN,2025-07-06 22:18:50.058332,807.5870045827476,771.2581378704223,823.7387446744025,755.8329751130138,8121602,-4.498446174365465
SBIN,2025-07-05 22:18:50.058333,771.2581378704223,759.2984357196264,786.6833006278307,744.1124670052338,7488784,-1.550674354479914
SBIN,2025-07-04 22:18:50.058334,759.2984357196264,760.0855039426107,775.2872140214629,744.1124670052338,7178143,0.10365729546622099
SBIN,2025-07-03 22:18:50.058335,760.0855039426107,762.7012010100176,777.955225030218,744.8837938637585,7229767,0.3441319501344485
SBIN,2025-07-02 22:18:50.058336,762.7012010100176,768.5904265453166,783.962235076223,747.4471769898172,7321653,0.7721536989190848
SBIN,2025-07-01 22:18:50.058337,768.5904265453166,744.0485730808467,783.962235076223,729.1676016192298,7841374,-3.1930990312722716
SBIN,2025-06-30 22:18:50.058338,744.0485730808467,707.5475593700723,758.9295445424636,693.3966081826709,8209036,-4.905729952499794
SBIN,2025-06-29 22:18:50.058340,707.5475593700723,691.4731780258061,721.6985105574738,677.6437144652899,7643602,-2.271844645832327
SBIN,2025-06-28 22:18:50.058341,691.4731780258061,662.0273392309547,705.3026415863222,648.7867924463355,8070074,-4.258420967089557
SBIN,2025-06-27 22:18:50.058342,662.0273392309547,647.666482597473,675.2678860155738,634.7131529455235,7621572,-2.169224106388725
SBIN,2025-06-26 22:18:50.058343,647.666482597473,653.2307573647663,666.2953725120616,634.7131529455235,7340324,0.8591265592404431
SBIN,2025-06-25 22:18:50.058346,653.2307573647663,644.7973860252256,666.2953725120616,631.9014383047211,7433043,-1.2910248399144861
SBIN,2025-06-24 22:18:50.058347,644.7973860252256,624.0850586921863,657.6933337457301,611.6033575183426,7845479,-3.2122225961116135
SBIN,2025-06-23 22:18:50.058348,624.0850586921863,644.1513318272157,657.03435846376,611.6033575183426,7846142,3.2153106144024015
SBIN,2025-06-22 22:18:50.058350,644.1513318272157,660.1554165168056,673.3585248471418,631.2683051906714,7689259,2.4845224870050724
SBIN,2025-06-21 22:18:50.058351,660.1554165168056,684.5051583243802,698.1952614908678,646.9523081864695,7947722,3.6884862561685425
SBIN,2025-06-20 22:18:50.058352,684.5051583243802,691.5228195824641,705.3532759741133,670.8150551578926,7375980,1.0252167091425026
SBIN,2025-06-19 22:18:50.058354,691.5228195824641,667.7891030039441,705.3532759741133,654.4333209438652,7892681,-3.4320944886316624
SBIN,2025-06-18 22:18:50.058355,667.7891030039441,651.2076890870167,681.144885064023,638.1835353052763,7688939,-2.4830315203315667
SBIN,2025-06-17 22:18:50.058356,651.2076890870167,665.6009225013225,678.912940951349,638.1835353052763,7630376,2.210237018927873
SBIN,2025-06-16 22:18:50.058357,665.6009225013225,663.0687663352413,678.912940951349,649.8073910085365,7237560,-0.38043158903165797
SBIN,2025-06-15 22:18:50.058358,663.0687663352413,636.1452803809633,676.3301416619462,623.422374773344,8027571,-4.060436461678506
SBIN,2025-06-14 22:18:50.058359,636.1452803809633,651.8220070797113,664.8584472213055,623.422374773344,7684924,2.464331212102956
SBIN,2025-06-13 22:18:50.058360,651.8220070797113,658.6513146829868,671.8243409766466,638.7855669381171,7380812,1.0477258406588905
SBIN,2025-06-12 22:18:50.058361,658.6513146829868,627.8763067367101,671.8243409766466,615.318780601976,8158951,-4.672427923580303
SBIN,2025-06-11 22:18:50.058362,627.8763067367101,630.3578882030304,642.965045967091,615.318780601976,7240737,0.39523413126032814
SBIN,2025-06-10 22:18:50.058363,630.3578882030304,653.0761230783172,666.1376455398836,617.7507304389698,7929589,3.6040216677624053
SBIN,2025-06-09 22:18:50.058364,653.0761230783172,625.3612412031025,666.1376455398836,612.8540163790404,8066923,-4.24374447263189
SBIN,2025-06-08 22:18:50.058366,625.3612412031025,616.8217532539131,637.8684660271646,604.4853181888349,7449037,-1.3655288154348466
SBIN,2025-06-07 22:18:50.058367,616.8217532539131,595.3477453155185,629.1581883189914,583.4407904092081,7903265,-3.481396015155591
WIPRO,2025-09-04 22:18:50.058370,1268.0092025343333,1330.8897362965135,1357.5075310224438,1242.6490184836466,8099547,4.9589966410734805
WIPRO,2025-09-03 22:18:50.058371,1330.8897362965135,1343.7133389401286,1370.5876057189312,1304.2719415705833,7254432,0.963536068682852
WIPRO,2025-09-02 22:18:50.058373,1343.7133389401286,1407.2547498918016,1435.3998448896377,1316.839072161326,8050854,4.728792154567134
WIPRO,2025-09-01 22:18:50.058374,1407.2547498918016,1423.4133939963099,1451.8816618762362,1379.1096548939654,7293500,1.1482387325927137
WIPRO,2025-08-31 22:18:50.058375,1423.4133939963099,1438.558465753056,1467.329635068117,1394.9451261163836,7275681,1.0639967152638188
WIPRO,2025-08-30 22:18:50.058376,1438.558465753056,1494.748375440801,1524.6433429496171,1409.7872964379949,7876816,3.905987210490665
WIPRO,2025-08-29 22:18:50.058377,1494.748375440801,1534.9752272908754,1565.674731836693,1464.853407931985,7619868,2.6912122810109476
WIPRO,2025-08-28 22:18:50.058378,1534.9752272908754,1553.3532128154784,1584.420277071788,1504.275722745058,7303874,1.1972822230518265
WIPRO,2025-08-27 22:18:50.058379,1553.3532128154784,1613.0271010528538,1645.2876430739109,1522.2861485591689,7863200,3.8416174598960433
WIPRO,2025-08-26 22:18:50.058381,1613.0271010528538,1600.10641689851,1645.2876430739109,1568.1042885605398,7220057,-0.8010208970395082
WIPRO,2025-08-25 22:18:50.058382,1600.10641689851,1541.4757696871209,1632.10854523648,1510.6462542933784,7825667,-3.664171744591395
WIPRO,2025-08-24 22:18:50.058383,1541.4757696871209,1473.1324314347003,1572.3052850808633,1443.6697828060062,7988422,-4.433630394741295
WIPRO,2025-08-23 22:18:50.058385,1473.1324314347003,1455.6910488582078,1502.5950800633943,1426.5772278810437,7301057,-1.1839656913605703
WIPRO,2025-08-22 22:18:50.058386,1455.6910488582078,1488.9835057320934,1518.7631758467353,1426.5772278810437,7534381,2.2870551343981416
WIPRO,2025-08-21 22:18:50.058387,1488.9835057320934,1531.704196850142,1562.3382807871449,1459.2038356174514,7657498,2.8691178212242123
WIPRO,2025-08-20 22:18:50.058388,1531.704196850142,1458.6580270037766,1562.3382807871449,1429.484866463701,8059348,-4.768947555055374
WIPRO,2025-08-19 22:18:50.058389,1458.6580270037766,1511.9102002524908,1542.1484042575405,1429.484866463701,7822831,3.6507647620531976
WIPRO,2025-08-18 22:18:50.058390,1511.9102002524908,1512.0322496234878,1542.2728946159575,1481.671996247441,7052333,0.008072527784837996
WIPRO,2025-08-17 22:18:50.058391,1512.0322496234878,1439.8132256464785,1542.2728946159575,1411.0169611335489,8060901,-4.7762886006560175
WIPRO,2025-08-16 22:18:50.058392,1439.8132256464785,1492.6395234546912,1522.492313923785,1411.0169611335489,7826682,3.668968784787595
WIPRO,2025-08-15 22:18:50.058393,1492.6395234546912,1467.5472326246074,1522.492313923785,1438.1962879721152,7406203,-1.6810683648526372
WIPRO,2025-08-14 22:18:50.058395,1467.5472326246074,1431.494864027989,1496.8981772770996,1402.8649667474292,7570252,-2.4566411080440154
WIPRO,2025-08-13 22:18:50.058396,1431.494864027989,1475.893408854549,1505.41127703164,1402.8649667474292,7706662,3.1015511087221004
WIPRO,2025-08-12 22:18:50.058397,1475.893408854549,1534.656919568017,1565.3500579593774,1446.375540677458,7892800,3.98155519639284
WIPRO,2025-08-11 22:18:50.058398,1534.656919568017,1563.174264586903,1594.4377498786412,1503.9637811766565,7443675,1.8582228154884972
WIPRO,2025-08-10 22:18:50.058399,1563.174264586903,1590.2450442524903,1622.0499451375401,1531.910779295165,7416930,1.7317825836098337
WIPRO,2025-08-09 22:18:50.058400,1590.2450442524903,1618.6457680407068,1651.018683401521,1558.4401433674404,7428384,1.7859338025207698
WIPRO,2025-08-08 22:18:50.058401,1618.6457680407068,1646.9878421288893,1679.927598971467,1586.2728526798926,7420990,1.7509744656787507
WIPRO,2025-08-07 22:18:50.058402,1646.9878421288893,1693.7903808420726,1727.6661884589141,1614.0480852863116,7651700,2.8417051732869307
WIPRO,2025-08-06 22:18:50.058403,1693.7903808420726,1727.4813499401585,1762.0309769389617,1659.9145732252312,7471355,1.9890872848939187
WIPRO,2025-08-05 22:18:50.058404,1727.4813499401585,1792.5152268257289,1828.3655313622435,1692.9317229413552,7846923,3.764664486121569
WIPRO,2025-08-04 22:18:50.058406,1792.5152268257289,1742.873639125652,1828.3655313622435,1708.016166343139,7636402,-2.769381646368738
WIPRO,2025-08-03 22:18:50.058407,1742.873639125652,1783.4310728455496,1819.0996943024606,1708.016166343139,7542839,2.327043843536705
WIPRO,2025-08-02 22:18:50.058408,1783.4310728455496,1837.3344363822973,1874.0811251099433,1747.7624513886385,7689931,3.0224528638913215
WIPRO,2025-08-01 22:18:50.058409,1837.3344363822973,1915.1559838994197,1953.459103577408,1800.5877476546514,7946528,4.235567895323005
WIPRO,2025-07-31 22:18:50.058410,1915.1559838994197,1904.2214354486819,1953.459103577408,1866.137006739708,7171392,-0.5709481913047244
WIPRO,2025-07-30 22:18:50.058411,1904.2214354486819,1940.278632783658,1979.084205439331,1866.137006739708,7451145,1.8935401452657237
WIPRO,2025-07-29 22:18:50.058412,1940.278632783658,2004.8941018144935,2044.9919838507835,1901.4730601279848,7755029,3.330215977183336
WIPRO,2025-07-28 22:18:50.058414,2004.8941018144935,2071.268983333088,2112.6943629997495,1964.7962197782035,7750889,3.3106427645491516
WIPRO,2025-07-27 22:18:50.058415,2071.268983333088,2005.573659530799,2112.6943629997495,1965.462186340183,7721509,-3.1717427495376183
WIPRO,2025-07-26 22:18:50.058416,2005.573659530799,2088.0179777583776,2129.7783373135453,1965.462186340183,7920129,4.11075992326634
WIPRO,2025-07-25 22:18:50.058417,2088.0179777583776,2126.178487639373,2168.7020573921604,2046.25761820321,7437197,1.8275948908238526
WIPRO,2025-07-24 22:18:50.058418,2126.178487639373,2142.8712854849928,2185.7287111946926,2083.6549178865857,7216691,0.7851080209240989
WIPRO,2025-07-23 22:18:50.058419,2142.8712854849928,2107.9995179629095,2185.7287111946926,2065.8395276036513,7394839,-1.6273384107711584
WIPRO,2025-07-22 22:18:50.058420,2107.9995179629095,2151.6047112048004,2194.6368054288964,2065.8395276036513,7488165,2.068558027187284
WIPRO,2025-07-21 22:18:50.058421,2151.6047112048004,2249.445081790467,2294.4339834262764,2108.5726169807044,8012470,4.547320893849522
WIPRO,2025-07-20 22:18:50.058422,2249.445081790467,2276.5166930326495,2322.0470268933027,2204.456180154658,7305184,1.203479536412365
WIPRO,2025-07-19 22:18:50.058424,2276.5166930326495,2290.9293182560846,2336.747904621206,2230.9863591719964,7184538,0.6330999138967466
WIPRO,2025-07-18 22:18:50.058425,2290.9293182560846,2226.8634979840194,2336.747904621206,2182.326228024339,7642138,-2.796499209361638
WIPRO,2025-07-17 22:18:50.058426,2226.8634979840194,2146.845278499634,2271.4007679437,2103.9083729296412,7810679,-3.5933149722390345
WIPRO,2025-07-16 22:18:50.058427,2146.845278499634,2251.3173540477014,2296.3437011286555,2103.9083729296412,8079941,4.866306696357735
WIPRO,2025-07-15 22:18:50.058428,2251.3173540477014,2283.360904167445,2329.028122250794,2206.2910069667473,7351686,1.4233244398943552
WIPRO,2025-07-14 22:18:50.058429,2283.360904167445,2309.0940046832375,2355.2758847769023,2237.693686084096,7289004,1.1269834947609878
WIPRO,2025-07-13 22:18:50.058431,2309.0940046832375,2388.809725378952,2436.585919886531,2262.9121245895726,7780842,3.452250992555418
WIPRO,2025-07-12 22:18:50.058432,2388.809725378952,2343.6515271386334,2436.585919886531,2296.778496595861,7450482,-1.8904058268246828
WIPRO,2025-07-11 22:18:50.058434,2343.6515271386334,2380.4901965071786,2428.1000004373223,2296.778496595861,7383102,1.5718492677758018
WIPRO,2025-07-10 22:18:50.058435,2380.4901965071786,2264.6450316214286,2428.1000004373223,2219.352130989,8079970,-4.8664415865155055
WIPRO,2025-07-09 22:18:50.058436,2264.6450316214286,2156.110351288698,2309.937932253857,2112.988144262924,8064344,-4.792569202557203
WIPRO,2025-07-08 22:18:50.058437,2156.110351288698,2254.931836708531,2300.030473442702,2112.988144262924,8020085,4.583322247897367
WIPRO,2025-07-07 22:18:50.058438,2254.931836708531,2150.714809843034,2300.030473442702,2107.700513646173,8028210,-4.621737347840199
WIPRO,2025-07-06 22:18:50.058439,2150.714809843034,2225.141124995666,2269.643947495579,2107.700513646173,7782595,3.4605385526714034
WIPRO,2025-07-05 22:18:50.058440,2225.141124995666,2285.1205499009916,2330.8229608990114,2180.6383024957527,7620782,2.695533520618491
WIPRO,2025-07-04 22:18:50.058441,2285.1205499009916,2333.574228037652,2380.245712598405,2239.418138902972,7499130,2.12039921214484
WIPRO,2025-07-03 22:18:50.058442,2333.574228037652,2364.9545868841465,2412.2536786218293,2286.902743476899,7335062,1.3447336908962493
WIPRO,2025-07-02 22:18:50.058443,2364.9545868841465,2255.456105174746,2412.2536786218293,2210.346983071251,8029968,-4.630045850210841
WIPRO,2025-07-01 22:18:50.058444,2255.456105174746,2198.166546034015,2300.565227278241,2154.203215113335,7587893,-2.540043187242268
WIPRO,2025-06-30 22:18:50.058446,2198.166546034015,2251.898793420304,2296.9367692887104,2154.203215113335,7567665,2.4444120252505
WIPRO,2025-06-29 22:18:50.058447,2251.898793420304,2155.3443035381865,2296.9367692887104,2112.237417467423,7957553,-4.287692242841228
WIPRO,2025-06-28 22:18:50.058448,2155.3443035381865,2233.5923790089755,2278.264226589155,2112.237417467423,7818528,3.630421150919498
WIPRO,2025-06-27 22:18:50.058449,2233.5923790089755,2304.2785764433843,2350.364147972252,2188.920531428796,7720017,3.1646865425719235
WIPRO,2025-06-26 22:18:50.058450,2304.2785764433843,2235.571680726846,2350.364147972252,2190.860247112309,7681313,-2.981709608331571
WIPRO,2025-06-25 22:18:50.058451,2235.571680726846,2186.0565681511025,2280.2831143413828,2142.3354367880806,7519113,-2.214874745579375
WIPRO,2025-06-24 22:18:50.058453,2186.0565681511025,2079.461926744004,2229.7776995141244,2037.8726882091237,8082016,-4.87611541988838
WIPRO,2025-06-23 22:18:50.058454,2079.461926744004,2054.1542850694245,2121.051165278884,2013.071199368036,7308050,-1.217028373979693
WIPRO,2025-06-22 22:18:50.058455,2054.1542850694245,2106.5577709573463,2148.6889263764933,2013.071199368036,7590231,2.5510978541785008
WIPRO,2025-06-21 22:18:50.058456,2106.5577709573463,2195.536109315089,2239.446831501391,2064.4266155381993,7944054,4.2238736380491275
WIPRO,2025-06-20 22:18:50.058457,2195.536109315089,2187.898548698073,2239.446831501391,2144.140577724111,7124206,-0.34786768409828944
WIPRO,2025-06-19 22:18:50.058458,2187.898548698073,2172.8280757618727,2231.6565196720344,2129.3715142466353,7196322,-0.6888104087444058
WIPRO,2025-06-18 22:18:50.058459,2172.8280757618727,2275.1382017621236,2320.640965797366,2129.3715142466353,8046587,4.7086157962303155
WIPRO,2025-06-17 22:18:50.058460,2275.1382017621236,2322.8791073588077,2369.336689505984,2229.6354377268813,7494471,2.098373872835872
WIPRO,2025-06-16 22:18:50.058461,2322.8791073588077,2395.399718385111,2443.3077127528136,2276.4215252116314,7710990,3.1220140039385087
WIPRO,2025-06-15 22:18:50.058462,2395.399718385111,2355.27977547952,2443.3077127528136,2308.17417996993,7404893,-1.6748746606949798
WIPRO,2025-06-14 22:18:50.058464,2355.27977547952,2413.6960375430876,2461.9699582939493,2308.17417996993,7575240,2.480226029694267
WIPRO,2025-06-13 22:18:50.058465,2413.6960375430876,2441.3229235201998,2490.1493819906036,2365.422116792226,7292728,1.1445884464074443
WIPRO,2025-06-12 22:18:50.058466,2441.3229235201998,2465.2765027301098,2514.582032784712,2392.496465049796,7258162,0.9811720923576385
WIPRO,2025-06-11 22:18:50.058467,2465.2765027301098,2579.485659117782,2631.0753723001376,2415.9709726755077,8030531,4.632711838254011
WIPRO,2025-06-10 22:18:50.058468,2579.485659117782,2487.952915237506,2631.0753723001376,2438.1938569327563,7801198,-3.5484881862681497
WIPRO,2025-06-09 22:18:50.058469,2487.952915237506,2544.9902730346025,2595.890078495295,2438.1938569327563,7535541,2.29254168950586
WIPRO,2025-06-08 22:18:50.058470,2544.9902730346025,2422.040958678856,2595.890078495295,2373.600139505279,8072480,-4.831032780692871
WIPRO,2025-06-07 22:18:50.058471,2422.040958678856,2344.275013122258,2470.481777852433,2297.389512859813,7729762,-3.21076096083103
BHARTIARTL,2025-09-04 22:18:50.058473,1486.7392862407435,1448.1302689840531,1516.4740719655583,1419.1676636043721,7336230,-2.5968922469462785
BHARTIARTL,2025-09-03 22:18:50.058474,1448.1302689840531,1401.720990536295,1477.0928743637342,1373.686570725569,7460347,-3.2047723496807428
BHARTIARTL,2025-09-02 22:18:50.058475,1401.720990536295,1396.9883402851513,1429.7554103470209,1369.0485734794481,6874934,-0.337631403331775
BHARTIARTL,2025-09-01 22:18:50.058477,1396.9883402851513,1392.901716382555,1424.9281070908544,1365.043682054904,6865726,-0.29253099576781116
BHARTIARTL,2025-08-31 22:18:50.058478,1392.901716382555,1423.1193589927962,1451.5817461726522,1365.043682054904,7248945,2.169402353004361
BHARTIARTL,2025-08-30 22:18:50.058479,1423.1193589927962,1357.154629020851,1451.5817461726522,1330.011536440434,7752416,-4.635221181913467
BHARTIARTL,2025-08-29 22:18:50.058480,1357.154629020851,1317.7250962547262,1384.297721601268,1291.3705943296316,7399202,-2.9053087926003007
BHARTIARTL,2025-08-28 22:18:50.058481,1317.7250962547262,1356.4992516996451,1383.629236733638,1291.3705943296316,7406798,2.9425071705110524
BHARTIARTL,2025-08-27 22:18:50.058482,1356.4992516996451,1313.1722445211733,1383.629236733638,1286.9087996307499,7458154,-3.1940310416083557
BHARTIARTL,2025-08-26 22:18:50.058483,1313.1722445211733,1261.1442624352571,1339.4356894115967,1235.921377186552,7614959,-3.962007444414689
BHARTIARTL,2025-08-25 22:18:50.058484,1261.1442624352571,1292.4801447827922,1318.329747678448,1235.921377186552,7313326,2.4847183055034345
BHARTIARTL,2025-08-24 22:18:50.058485,1292.4801447827922,1301.6198766232108,1327.652274155675,1266.6305418871364,6950382,0.7071467888548767
BHARTIARTL,2025-08-23 22:18:50.058487,1301.6198766232108,1256.0470984876474,1327.652274155675,1230.9261565178945,7520879,-3.5012355722311734
BHARTIARTL,2025-08-22 22:18:50.058488,1256.0470984876474,1253.5918040369736,1281.1680404574004,1228.519967956234,6845909,-0.19547789677871533
BHARTIARTL,2025-08-21 22:18:50.058489,1253.5918040369736,1224.9922398463448,1278.6636401177132,1200.4923950494178,7271815,-2.2814096341830585
BHARTIARTL,2025-08-20 22:18:50.058491,1224.9922398463448,1194.341116745212,1249.4920846432717,1170.4542944103077,7316885,-2.502148348709317
BHARTIARTL,2025-08-19 22:18:50.058492,1194.341116745212,1187.9338102813215,1218.2279390801164,1164.175134075695,6915533,-0.5364720659832665
BHARTIARTL,2025-08-18 22:18:50.058493,1187.9338102813215,1164.8046404224467,1211.692486486948,1141.5085476139977,7203537,-1.9470082978274208
BHARTIARTL,2025-08-17 22:18:50.058494,1164.8046404224467,1196.5238333511438,1220.4543100181668,1141.5085476139977,7362006,2.723134148675198
BHARTIARTL,2025-08-16 22:18:50.058495,1196.5238333511438,1249.8731241245982,1274.8705866070902,1172.5933566841209,7716372,4.458690189566653
BHARTIARTL,2025-08-15 22:18:50.058496,1249.8731241245982,1200.3825536343359,1274.8705866070902,1176.3749025616492,7614477,-3.9596475462199625
BHARTIARTL,2025-08-14 22:18:50.058497,1200.3825536343359,1167.8170846149183,1224.3902047070226,1144.4607429226198,7359921,-2.712924219101722
BHARTIARTL,2025-08-13 22:18:50.058498,1167.8170846149183,1164.9493006868145,1191.1734263072167,1141.6503146730781,6856137,-0.24556790321743627
BHARTIARTL,2025-08-12 22:18:50.058499,1164.9493006868145,1176.6972459837425,1200.2311909034174,1141.6503146730781,7011902,1.0084512081342965
BHARTIARTL,2025-08-11 22:18:50.058501,1176.6972459837425,1224.094628847242,1248.5765214241867,1153.1633010640676,7628434,4.028001512306956
BHARTIARTL,2025-08-10 22:18:50.058502,1224.094628847242,1221.432964219309,1248.5765214241867,1197.0043049349229,6850393,-0.2174394499581636
BHARTIARTL,2025-08-09 22:18:50.058503,1221.432964219309,1256.186584682782,1281.3103163764376,1197.0043049349229,7386953,2.8453154189829784
BHARTIARTL,2025-08-08 22:18:50.058504,1256.186584682782,1201.6475215054836,1281.3103163764376,1177.614571075374,7692472,-4.341637129572672
BHARTIARTL,2025-08-07 22:18:50.058505,1201.6475215054836,1198.7554968820061,1225.6804719355932,1174.780386944366,6855137,-0.2406716255573947
BHARTIARTL,2025-08-06 22:18:50.058506,1198.7554968820061,1170.5916970019864,1222.7306068196463,1147.1798630619467,7285701,-2.3494198736334826
BHARTIARTL,2025-08-05 22:18:50.058507,1170.5916970019864,1143.4206648224547,1194.0035309420261,1120.5522515260056,7279926,-2.3211365883697743
BHARTIARTL,2025-08-04 22:18:50.058508,1143.4206648224547,1121.7680039053355,1166.2890781189037,1099.3326438272288,7192647,-1.8936740941691232
BHARTIARTL,2025-08-03 22:18:50.058509,1121.7680039053355,1171.910793707679,1195.3490095818327,1099.3326438272288,7718677,4.469978607677863
BHARTIARTL,2025-08-02 22:18:50.058510,1171.910793707679,1165.7422694454588,1195.3490095818327,1142.4274240565496,6913470,-0.5263646597796302
BHARTIARTL,2025-08-01 22:18:50.058511,1165.7422694454588,1129.653023396338,1189.057114834368,1107.0599629284113,7438100,-3.0958168880920947
BHARTIARTL,2025-07-31 22:18:50.058512,1129.653023396338,1081.9901219451287,1152.2460838642648,1060.3503195062262,7667483,-4.21925143951807
BHARTIARTL,2025-07-30 22:18:50.058513,1081.9901219451287,1102.6018171659935,1124.6538535093134,1060.3503195062262,7194955,1.9049799811305586
BHARTIARTL,2025-07-29 22:18:50.058515,1102.6018171659935,1091.9930080590304,1124.6538535093134,1070.1531478978497,7002451,-0.9621614024027934
BHARTIARTL,2025-07-28 22:18:50.058516,1091.9930080590304,1064.77216270403,1113.8328682202111,1043.4767194499495,7314970,-2.492767367016783
BHARTIARTL,2025-07-27 22:18:50.058517,1064.77216270403,1076.2342714149763,1097.7589568432759,1043.4767194499495,7025793,1.076484633279441
BHARTIARTL,2025-07-26 22:18:50.058518,1076.2342714149763,1074.745006005304,1097.7589568432759,1053.2501058851979,6834251,-0.13837743781511813
BHARTIARTL,2025-07-25 22:18:50.058519,1074.745006005304,1116.455410702187,1138.7845189162308,1053.2501058851979,7598410,3.880958223934018
BHARTIARTL,2025-07-24 22:18:50.058520,1116.455410702187,1110.5140798566265,1138.7845189162308,1088.303798259494,6914653,-0.5321601551309417
BHARTIARTL,2025-07-23 22:18:50.058522,1110.5140798566265,1155.632486898444,1178.745136636413,1088.303798259494,7635547,4.062839711824501
BHARTIARTL,2025-07-22 22:18:50.058523,1155.632486898444,1099.8467924344297,1178.745136636413,1077.8498565857412,7791632,-4.8272867971837154
BHARTIARTL,2025-07-21 22:18:50.058524,1099.8467924344297,1092.7534640032986,1121.8437282831183,1070.8983947232327,6937680,-0.6449378658849925
BHARTIARTL,2025-07-20 22:18:50.058525,1092.7534640032986,1105.2781988700274,1127.383762847428,1070.8983947232327,7040020,1.1461629067589143
BHARTIARTL,2025-07-19 22:18:50.058526,1105.2781988700274,1056.8050677446597,1127.383762847428,1035.6689663897664,7701449,-4.385604563170056
BHARTIARTL,2025-07-18 22:18:50.058528,1056.8050677446597,1086.378792961085,1108.106368820307,1035.6689663897664,7377376,2.798408724471678
BHARTIARTL,2025-07-17 22:18:50.058529,1086.378792961085,1112.928241362554,1135.186806189805,1064.6512171018633,7304981,2.44384818384613
BHARTIARTL,2025-07-16 22:18:50.058530,1112.928241362554,1104.515856530637,1135.186806189805,1082.4255394000243,6960332,-0.7558784582209855
BHARTIARTL,2025-07-15 22:18:50.058531,1104.515856530637,1084.2226498459809,1126.6061736612496,1062.5381968490613,7181135,-1.8372942827999303
BHARTIARTL,2025-07-14 22:18:50.058532,1084.2226498459809,1131.9938647321692,1154.6337420268126,1062.5381968490613,7705620,4.406033658582438
BHARTIARTL,2025-07-13 22:18:50.058533,1131.9938647321692,1165.3779524348852,1188.6855114835828,1109.3539874375258,7408152,2.9491403392557167
BHARTIARTL,2025-07-12 22:18:50.058534,1165.3779524348852,1212.0095844001582,1236.2497760881615,1142.0703933861876,7623006,4.001417039668802
BHARTIARTL,2025-07-11 22:18:50.058535,1212.0095844001582,1236.984470666071,1261.7241600793925,1187.769392712155,7226733,2.060617885152545
BHARTIARTL,2025-07-10 22:18:50.058536,1236.984470666071,1261.399021865226,1286.6270023025304,1212.2447812527496,7208990,1.9737152549706982
BHARTIARTL,2025-07-09 22:18:50.058537,1261.399021865226,1285.3838353966687,1311.091512104602,1236.1710414279214,7194234,1.901445388468477
BHARTIARTL,2025-07-08 22:18:50.058539,1285.3838353966687,1346.6301888057228,1373.5627925818374,1259.6761586887353,7778879,4.764829907025662
BHARTIARTL,2025-07-07 22:18:50.058540,1346.6301888057228,1334.7268378574286,1373.5627925818374,1308.03230110028,6986479,-0.8839361427691526
BHARTIARTL,2025-07-06 22:18:50.058542,1334.7268378574286,1304.435959855914,1361.4213746145772,1278.3472406587957,7269372,-2.269443989763394
BHARTIARTL,2025-07-05 22:18:50.058544,1304.435959855914,1364.3243278406737,1391.6108143974873,1278.3472406587957,7743413,4.591131326322449
BHARTIARTL,2025-07-04 22:18:50.058546,1364.3243278406737,1388.1301499974422,1415.8927529973912,1337.0378412838602,7162266,1.7448799871835619
BHARTIARTL,2025-07-03 22:18:50.058548,1388.1301499974422,1332.4928120994612,1415.8927529973912,1305.842955857472,7624366,-4.008077909559398
BHARTIARTL,2025-07-02 22:18:50.058549,1332.4928120994612,1351.5546681801209,1378.5857615437233,1305.842955857472,7098084,1.4305410061181523
BHARTIARTL,2025-07-01 22:18:50.058552,1351.5546681801209,1411.5700585857887,1439.8014597575045,1324.5235748165185,7712652,4.440470801412653
BHARTIARTL,2025-06-30 22:18:50.058553,1411.5700585857887,1379.8735531714735,1439.8014597575045,1352.276082108044,7264478,-2.2454787292719214
BHARTIARTL,2025-06-29 22:18:50.058554,1379.8735531714735,1436.7206204159243,1465.4550328242428,1352.276082108044,7647163,4.119730182073171
BHARTIARTL,2025-06-28 22:18:50.058555,1436.7206204159243,1495.9829483291064,1525.9026072956885,1407.9862080076057,7648205,4.124833114459378
BHARTIARTL,2025-06-27 22:18:50.058556,1495.9829483291064,1444.1387026632694,1525.9026072956885,1415.255928610004,7513595,-3.465563944010385
BHARTIARTL,2025-06-26 22:18:50.058557,1444.1387026632694,1479.6541575820988,1509.247240733741,1415.255928610004,7308133,2.4592828135782328
BHARTIARTL,2025-06-25 22:18:50.058558,1479.6541575820988,1479.282877256691,1509.247240733741,1449.6972197115572,6811120,-0.025092371991475293
BHARTIARTL,2025-06-24 22:18:50.058560,1479.282877256691,1415.3784185103548,1508.868534801825,1387.0708501401477,7688046,-4.319962038960809
BHARTIARTL,2025-06-23 22:18:50.058561,1415.3784185103548,1446.6001025589492,1475.5321046101283,1387.0708501401477,7256395,2.205889509143026
BHARTIARTL,2025-06-22 22:18:50.058562,1446.6001025589492,1380.2050695857183,1475.5321046101283,1352.6009681940038,7743127,-4.589729591182934
BHARTIARTL,2025-06-21 22:18:50.058563,1380.2050695857183,1323.5555393975128,1407.8091709774328,1297.0844286095626,7644039,-4.1044284966442985
BHARTIARTL,2025-06-20 22:18:50.058564,1323.5555393975128,1284.7039499064517,1350.026650185463,1259.0098709083227,7405345,-2.935395480929083
BHARTIARTL,2025-06-19 22:18:50.058565,1284.7039499064517,1323.5517720698115,1350.0228075112077,1259.0098709083227,7423411,3.0238734897785946
BHARTIARTL,2025-06-18 22:18:50.058566,1323.5517720698115,1310.539861345669,1350.0228075112077,1284.3290641187555,7006727,-0.9831055345718944
BHARTIARTL,2025-06-17 22:18:50.058567,1310.539861345669,1375.8925328022633,1403.4103834583086,1284.3290641187555,7824180,4.986698488475577
BHARTIARTL,2025-06-16 22:18:50.058568,1375.8925328022633,1423.300883605276,1451.7669012773817,1348.374682146218,7509528,3.4456434403678777
BHARTIARTL,2025-06-15 22:18:50.058569,1423.300883605276,1440.8525897806337,1469.6696415762465,1394.8348659331705,7057785,1.2331690633746082
BHARTIARTL,2025-06-14 22:18:50.058570,1440.8525897806337,1437.249035783395,1469.6696415762465,1408.504055067727,6857062,-0.25009872785025433
BHARTIARTL,2025-06-13 22:18:50.058572,1437.249035783395,1376.0268258618435,1465.9940164990628,1348.5062893446066,7675738,-4.2596800135045125
BHARTIARTL,2025-06-12 22:18:50.058573,1376.0268258618435,1399.1075245382517,1427.0896750290167,1348.5062893446066,7148477,1.677343656578205
BHARTIARTL,2025-06-11 22:18:50.058575,1399.1075245382517,1382.344229925424,1427.0896750290167,1354.6973453269156,7050633,-1.19814198114331
BHARTIARTL,2025-06-10 22:18:50.058577,1382.344229925424,1339.3541481226446,1409.9911145239325,1312.5670651601918,7440984,-3.1099404093507603
BHARTIARTL,2025-06-09 22:18:50.058578,1339.3541481226446,1346.1360698730698,1373.0587912705312,1312.5670651601918,6909385,0.5063576172091175
BHARTIARTL,2025-06-08 22:18:50.058580,1346.1360698730698,1339.1583105361674,1373.0587912705312,1312.3751443254441,6911834,-0.5183546814521003
BHARTIARTL,2025-06-07 22:18:50.058582,1339.1583105361674,1397.4243105936114,1425.3727968054836,1312.3751443254441,7694372,4.350941901269
